StudentId,DiasSemUso,TotalSessoes,TotalGasto,R,F,M,RFM_Segment,RFM_Score,RFM_Level
39981208,0,6,29.9,1,1,1,111,3.0,Green
30437941,0,47,59.8,1,3,2,132,6.0,Green
49298868,75,49,29.9,4,3,1,431,8.0,Bronze
83170423,0,82,209.3,1,4,4,144,9.0,Silver
87293262,0,76,209.3,1,4,4,144,9.0,Silver
99399251,11,10,89.7,3,1,3,313,7.0,Bronze
39828771,182,42,59.8,4,3,2,432,9.0,Silver
66992152,9,130,209.3,3,4,4,344,11.0,Gold
92805575,0,45,59.8,1,3,2,132,6.0,Green
33128228,164,37,29.9,4,3,1,431,8.0,Bronze
36789980,5,44,29.9,2,3,1,231,6.0,Green
26021990,1,25,29.9,1,2,1,121,4.0,Green
29956714,7,15,59.8,2,2,2,222,6.0,Green
47442582,183,9,29.9,4,1,1,411,6.0,Green
68034534,0,36,23.9,1,3,1,131,5.0,Green
97806860,38,11,209.3,4,1,4,414,9.0,Silver
91412139,67,4,149.5,4,1,3,413,8.0,Bronze
69200179,2,17,29.9,1,2,1,121,4.0,Green
27948008,0,89,29.9,1,4,1,141,6.0,Green
88473820,0,113,23.9,1,4,1,141,6.0,Green
63389504,0,60,29.9,1,4,1,141,6.0,Green
33111537,25,34,119.6,3,3,3,333,9.0,Silver
30993703,23,26,29.9,3,2,1,321,6.0,Green
57410199,5,37,29.9,2,3,1,231,6.0,Green
39144871,7,9,209.3,2,1,4,214,7.0,Bronze
83520527,210,1,209.3,4,1,4,414,9.0,Silver
4614906,0,22,59.8,1,2,2,122,5.0,Green
69187381,1,33,89.7,1,3,3,133,7.0,Bronze
75227433,2,10,179.4,1,1,4,114,6.0,Green
3533832,6,66,29.9,2,4,1,241,7.0,Bronze
37485390,6,44,29.9,2,3,1,231,6.0,Green
54075419,7,18,29.9,2,2,1,221,5.0,Green
92017121,20,40,29.9,3,3,1,331,7.0,Bronze
11649491,3,32,29.9,2,3,1,231,6.0,Green
84499935,6,19,149.5,2,2,3,223,7.0,Bronze
9743118,199,2,209.3,4,1,4,414,9.0,Silver
87612365,1,28,23.9,1,2,1,121,4.0,Green
82437080,100,17,59.8,4,2,2,422,8.0,Bronze
22349939,4,13,179.4,2,1,4,214,7.0,Bronze
70927629,9,15,29.9,3,2,1,321,6.0,Green
9187725,0,592,89.7,1,4,3,143,8.0,Bronze
80794479,4,88,23.9,2,4,1,241,7.0,Bronze
80837430,8,34,59.8,2,3,2,232,7.0,Bronze
78204641,2,144,209.3,1,4,4,144,9.0,Silver
85627930,9,93,29.9,3,4,1,341,8.0,Bronze
60604564,40,4,29.9,4,1,1,411,6.0,Green
12000359,6,24,209.3,2,2,4,224,8.0,Bronze
60600691,153,34,209.3,4,3,4,434,11.0,Gold
92136614,52,21,89.7,4,2,3,423,9.0,Silver
69230664,31,26,59.8,3,2,2,322,7.0,Bronze
49093381,0,25,89.7,1,2,3,123,6.0,Green
73289544,5,43,89.7,2,3,3,233,8.0,Bronze
24056570,196,3,29.9,4,1,1,411,6.0,Green
80183732,0,76,23.9,1,4,1,141,6.0,Green
47385831,24,32,149.5,3,3,3,333,9.0,Silver
13507108,1,19,29.9,1,2,1,121,4.0,Green
74899788,7,10,29.9,2,1,1,211,4.0,Green
49564306,3,18,29.9,2,2,1,221,5.0,Green
97485384,35,7,119.6,4,1,3,413,8.0,Bronze
69219363,22,24,179.4,3,2,4,324,9.0,Silver
85180858,0,12,59.8,1,1,2,112,4.0,Green
48947084,2,37,29.9,1,3,1,131,5.0,Green
88091992,129,16,89.7,4,2,3,423,9.0,Silver
486826,186,6,209.3,4,1,4,414,9.0,Silver
73666300,0,40,59.8,1,3,2,132,6.0,Green
9767712,82,74,89.7,4,4,3,443,11.0,Gold
23636551,4,10,29.9,2,1,1,211,4.0,Green
41016763,13,52,29.9,3,4,1,341,8.0,Bronze
43621,3,121,59.8,2,4,2,242,8.0,Bronze
62454212,26,6,149.5,3,1,3,313,7.0,Bronze
65827091,25,9,59.8,3,1,2,312,6.0,Green
90124605,0,20,29.9,1,2,1,121,4.0,Green
62136228,13,29,209.3,3,3,4,334,10.0,Gold
52334799,3,54,29.9,2,4,1,241,7.0,Bronze
81500875,104,5,23.9,4,1,1,411,6.0,Green
16760102,168,4,209.3,4,1,4,414,9.0,Silver
98304698,9,10,23.9,3,1,1,311,5.0,Green
46201995,100,14,59.8,4,1,2,412,7.0,Bronze
16294278,4,40,59.8,2,3,2,232,7.0,Bronze
23408737,23,31,59.8,3,3,2,332,8.0,Bronze
91301943,1,43,29.9,1,3,1,131,5.0,Green
15410550,48,10,89.7,4,1,3,413,8.0,Bronze
55174595,0,28,29.9,1,3,1,131,5.0,Green
97143630,0,24,29.9,1,2,1,121,4.0,Green
74291305,8,11,23.9,2,1,1,211,4.0,Green
10115005,128,34,59.8,4,3,2,432,9.0,Silver
63910851,22,25,209.3,3,2,4,324,9.0,Silver
66647636,7,29,89.7,2,3,3,233,8.0,Bronze
66503291,9,4,29.9,3,1,1,311,5.0,Green
76163684,167,6,29.9,4,1,1,411,6.0,Green
53211345,119,16,209.3,4,2,4,424,10.0,Gold
16439264,0,22,59.8,1,2,2,122,5.0,Green
6685100,124,7,59.8,4,1,2,412,7.0,Bronze
25700336,43,86,23.9,4,4,1,441,9.0,Silver
15925889,181,11,29.9,4,1,1,411,6.0,Green
2394012,132,25,89.7,4,2,3,423,9.0,Silver
80795143,1,108,59.8,1,4,2,142,7.0,Bronze
95006068,4,5,209.3,2,1,4,214,7.0,Bronze
83961084,10,20,29.9,3,2,1,321,6.0,Green
77288911,0,18,59.8,1,2,2,122,5.0,Green
4765053,25,19,29.9,3,2,1,321,6.0,Green
62117665,169,2,29.9,4,1,1,411,6.0,Green
17674724,7,45,29.9,2,3,1,231,6.0,Green
16814666,3,80,149.5,2,4,3,243,9.0,Silver
10801876,14,31,209.3,3,3,4,334,10.0,Gold
4899299,4,32,89.7,2,3,3,233,8.0,Bronze
80783490,0,155,209.3,1,4,4,144,9.0,Silver
90160964,7,33,209.3,2,3,4,234,9.0,Silver
69375401,14,43,59.8,3,3,2,332,8.0,Bronze
34918878,8,49,29.9,2,3,1,231,6.0,Green
76049200,12,24,29.9,3,2,1,321,6.0,Green
37474358,1,18,29.9,1,2,1,121,4.0,Green
69810600,1,62,89.7,1,4,3,143,8.0,Bronze
33439889,8,19,209.3,2,2,4,224,8.0,Bronze
88590448,183,1,29.9,4,1,1,411,6.0,Green
79456812,15,21,23.9,3,2,1,321,6.0,Green
78337805,0,63,89.7,1,4,3,143,8.0,Bronze
11755107,1,88,209.3,1,4,4,144,9.0,Silver
56417008,1,44,23.9,1,3,1,131,5.0,Green
85020632,4,24,209.3,2,2,4,224,8.0,Bronze
12975917,2,97,23.9,1,4,1,141,6.0,Green
18337462,28,34,89.7,3,3,3,333,9.0,Silver
52256119,32,9,149.5,4,1,3,413,8.0,Bronze
77562089,10,41,209.3,3,3,4,334,10.0,Gold
18080053,8,29,89.7,2,3,3,233,8.0,Bronze
22321964,0,229,59.8,1,4,2,142,7.0,Bronze
99718924,1,27,209.3,1,2,4,124,7.0,Bronze
40394154,185,15,29.9,4,2,1,421,7.0,Bronze
51769565,10,19,29.9,3,2,1,321,6.0,Green
59250026,4,23,29.9,2,2,1,221,5.0,Green
29166053,2,35,29.9,1,3,1,131,5.0,Green
13953871,0,84,29.9,1,4,1,141,6.0,Green
74041224,2,29,23.9,1,3,1,131,5.0,Green
27932677,1,32,29.9,1,3,1,131,5.0,Green
12176065,2,30,23.9,1,3,1,131,5.0,Green
79157700,187,4,119.6,4,1,3,413,8.0,Bronze
63788544,16,21,59.8,3,2,2,322,7.0,Bronze
62338028,6,119,29.9,2,4,1,241,7.0,Bronze
44847875,165,2,59.8,4,1,2,412,7.0,Bronze
54883146,0,176,89.7,1,4,3,143,8.0,Bronze
72606689,5,43,29.9,2,3,1,231,6.0,Green
2815680,17,51,29.9,3,3,1,331,7.0,Bronze
27831349,5,65,209.3,2,4,4,244,10.0,Gold
71879174,188,4,23.9,4,1,1,411,6.0,Green
26964604,153,11,59.8,4,1,2,412,7.0,Bronze
41320412,9,19,89.7,3,2,3,323,8.0,Bronze
74335321,0,74,209.3,1,4,4,144,9.0,Silver
47631398,46,33,23.9,4,3,1,431,8.0,Bronze
44773013,89,2,89.7,4,1,3,413,8.0,Bronze
11605269,179,48,29.9,4,3,1,431,8.0,Bronze
55096350,0,50,119.6,1,3,3,133,7.0,Bronze
14126603,0,30,209.3,1,3,4,134,8.0,Bronze
26706969,28,13,29.9,3,1,1,311,5.0,Green
9032955,8,28,23.9,2,3,1,231,6.0,Green
87634910,11,51,209.3,3,3,4,334,10.0,Gold
74188254,20,57,59.8,3,4,2,342,9.0,Silver
90729129,171,10,29.9,4,1,1,411,6.0,Green
11369466,13,9,29.9,3,1,1,311,5.0,Green
93852843,52,8,119.6,4,1,3,413,8.0,Bronze
2840984,0,58,23.9,1,4,1,141,6.0,Green
21687181,3,92,23.9,2,4,1,241,7.0,Bronze
37827393,2,46,23.9,1,3,1,131,5.0,Green
60851960,6,64,23.9,2,4,1,241,7.0,Bronze
51695794,8,23,23.9,2,2,1,221,5.0,Green
84679837,3,30,23.9,2,3,1,231,6.0,Green
14199040,46,56,29.9,4,4,1,441,9.0,Silver
75688451,26,28,119.6,3,3,3,333,9.0,Silver
8897787,9,23,59.8,3,2,2,322,7.0,Bronze
26456075,23,49,59.8,3,3,2,332,8.0,Bronze
86497772,2,146,29.9,1,4,1,141,6.0,Green
44781921,8,83,119.6,2,4,3,243,9.0,Silver
39603347,3,38,29.9,2,3,1,231,6.0,Green
22300945,10,199,209.3,3,4,4,344,11.0,Gold
12246593,1,26,29.9,1,2,1,121,4.0,Green
76970526,2,33,59.8,1,3,2,132,6.0,Green
28279214,0,59,29.9,1,4,1,141,6.0,Green
49204716,15,74,59.8,3,4,2,342,9.0,Silver
67742040,4,25,23.9,2,2,1,221,5.0,Green
74243087,1,31,29.9,1,3,1,131,5.0,Green
53538486,84,41,149.5,4,3,3,433,10.0,Gold
78718474,0,29,59.8,1,3,2,132,6.0,Green
985792,4,18,29.9,2,2,1,221,5.0,Green
53529836,2,56,29.9,1,4,1,141,6.0,Green
35146621,0,65,23.9,1,4,1,141,6.0,Green
39330733,9,52,29.9,3,4,1,341,8.0,Bronze
58868573,0,159,23.9,1,4,1,141,6.0,Green
65223821,2,48,23.9,1,3,1,131,5.0,Green
53807534,0,32,59.8,1,3,2,132,6.0,Green
74084771,4,129,59.8,2,4,2,242,8.0,Bronze
71146418,2,11,29.9,1,1,1,111,3.0,Green
75408306,11,31,149.5,3,3,3,333,9.0,Silver
47777054,1,77,209.3,1,4,4,144,9.0,Silver
37981190,44,41,209.3,4,3,4,434,11.0,Gold
86046630,15,63,209.3,3,4,4,344,11.0,Gold
24703001,0,139,59.8,1,4,2,142,7.0,Bronze
4731325,176,24,29.9,4,2,1,421,7.0,Bronze
29189437,9,11,29.9,3,1,1,311,5.0,Green
99158247,8,14,29.9,2,1,1,211,4.0,Green
79244284,0,67,209.3,1,4,4,144,9.0,Silver
4550873,14,17,23.9,3,2,1,321,6.0,Green
11789680,0,66,149.5,1,4,3,143,8.0,Bronze
36784576,2,20,29.9,1,2,1,121,4.0,Green
86085628,14,13,29.9,3,1,1,311,5.0,Green
35877608,7,21,149.5,2,2,3,223,7.0,Bronze
73048775,2,89,23.9,1,4,1,141,6.0,Green
4382126,72,52,23.9,4,4,1,441,9.0,Silver
73521618,6,9,29.9,2,1,1,211,4.0,Green
85850818,9,86,23.9,3,4,1,341,8.0,Bronze
86914617,41,21,59.8,4,2,2,422,8.0,Bronze
54503273,4,15,149.5,2,2,3,223,7.0,Bronze
8862980,1,27,89.7,1,2,3,123,6.0,Green
3509407,2,24,149.5,1,2,3,123,6.0,Green
15590699,6,45,209.3,2,3,4,234,9.0,Silver
70207170,1,36,59.8,1,3,2,132,6.0,Green
37716645,1,120,29.9,1,4,1,141,6.0,Green
29240317,2,23,89.7,1,2,3,123,6.0,Green
72182388,1,28,179.4,1,3,4,134,8.0,Bronze
2061218,3,222,29.9,2,4,1,241,7.0,Bronze
26259173,12,33,149.5,3,3,3,333,9.0,Silver
32476989,4,21,23.9,2,2,1,221,5.0,Green
44306431,183,3,119.6,4,1,3,413,8.0,Bronze
61579650,127,28,29.9,4,3,1,431,8.0,Bronze
24065198,10,79,209.3,3,4,4,344,11.0,Gold
26177888,1,63,209.3,1,4,4,144,9.0,Silver
41585335,179,4,29.9,4,1,1,411,6.0,Green
43264650,3,56,209.3,2,4,4,244,10.0,Gold
88965524,0,74,29.9,1,4,1,141,6.0,Green
49433289,3,64,179.4,2,4,4,244,10.0,Gold
20668615,8,9,59.8,2,1,2,212,5.0,Green
35922995,0,29,209.3,1,3,4,134,8.0,Bronze
92863892,116,5,59.8,4,1,2,412,7.0,Bronze
91806943,161,24,89.7,4,2,3,423,9.0,Silver
93148328,16,34,89.7,3,3,3,333,9.0,Silver
79240142,0,104,59.8,1,4,2,142,7.0,Bronze
97261635,0,41,173.4,1,3,4,134,8.0,Bronze
71908128,8,100,59.8,2,4,2,242,8.0,Bronze
30909951,1,66,143.5,1,4,3,143,8.0,Bronze
67697870,7,16,89.7,2,2,3,223,7.0,Bronze
64937719,162,3,59.8,4,1,2,412,7.0,Bronze
81275981,11,5,29.9,3,1,1,311,5.0,Green
46578986,1,17,89.7,1,2,3,123,6.0,Green
85302630,40,13,59.8,4,1,2,412,7.0,Bronze
80060999,16,20,59.8,3,2,2,322,7.0,Bronze
66494930,3,15,29.9,2,2,1,221,5.0,Green
5226014,181,4,209.3,4,1,4,414,9.0,Silver
88531164,11,6,29.9,3,1,1,311,5.0,Green
58279420,3,53,209.3,2,4,4,244,10.0,Gold
37527271,26,51,209.3,3,3,4,334,10.0,Gold
54963461,3,12,29.9,2,1,1,211,4.0,Green
52083668,0,85,59.8,1,4,2,142,7.0,Bronze
49365947,2,33,149.5,1,3,3,133,7.0,Bronze
33866080,134,45,59.8,4,3,2,432,9.0,Silver
89397153,1,39,59.8,1,3,2,132,6.0,Green
20118566,0,77,89.7,1,4,3,143,8.0,Bronze
34825531,185,2,29.9,4,1,1,411,6.0,Green
95735464,0,32,209.3,1,3,4,134,8.0,Bronze
90062364,3,37,59.8,2,3,2,232,7.0,Bronze
10658545,3,34,209.3,2,3,4,234,9.0,Silver
76315463,2,17,23.9,1,2,1,121,4.0,Green
76465358,1,43,119.6,1,3,3,133,7.0,Bronze
90037919,3,33,119.6,2,3,3,233,8.0,Bronze
4048029,60,37,209.3,4,3,4,434,11.0,Gold
89309230,0,38,179.4,1,3,4,134,8.0,Bronze
30683966,40,33,89.7,4,3,3,433,10.0,Gold
13229488,1,35,209.3,1,3,4,134,8.0,Bronze
58367890,6,6,29.9,2,1,1,211,4.0,Green
83668539,154,14,59.8,4,1,2,412,7.0,Bronze
23736368,8,12,59.8,2,1,2,212,5.0,Green
93681566,59,34,29.9,4,3,1,431,8.0,Bronze
83680836,0,34,29.9,1,3,1,131,5.0,Green
64124711,144,13,59.8,4,1,2,412,7.0,Bronze
57015450,204,1,209.3,4,1,4,414,9.0,Silver
73527025,24,19,59.8,3,2,2,322,7.0,Bronze
23140577,0,100,209.3,1,4,4,144,9.0,Silver
88465465,6,16,209.3,2,2,4,224,8.0,Bronze
21590977,167,43,29.9,4,3,1,431,8.0,Bronze
54069620,2,47,209.3,1,3,4,134,8.0,Bronze
10378557,0,41,29.9,1,3,1,131,5.0,Green
52187512,8,30,59.8,2,3,2,232,7.0,Bronze
6295621,21,33,29.9,3,3,1,331,7.0,Bronze
18935835,2,16,23.9,1,2,1,121,4.0,Green
14714505,1,17,29.9,1,2,1,121,4.0,Green
50975816,4,24,89.7,2,2,3,223,7.0,Bronze
19678796,3,5,89.7,2,1,3,213,6.0,Green
77302900,2,35,89.7,1,3,3,133,7.0,Bronze
68351385,4,125,209.3,2,4,4,244,10.0,Gold
94727360,13,17,29.9,3,2,1,321,6.0,Green
86611778,1,11,29.9,1,1,1,111,3.0,Green
46226621,3,94,59.8,2,4,2,242,8.0,Bronze
59079261,5,5,209.3,2,1,4,214,7.0,Bronze
94286362,163,13,59.8,4,1,2,412,7.0,Bronze
2053332,205,1,59.8,4,1,2,412,7.0,Bronze
19295800,24,16,209.3,3,2,4,324,9.0,Silver
39934745,187,63,29.9,4,4,1,441,9.0,Silver
56418119,21,39,149.5,3,3,3,333,9.0,Silver
61183919,146,16,59.8,4,2,2,422,8.0,Bronze
64604890,0,115,23.9,1,4,1,141,6.0,Green
20568386,2,17,23.9,1,2,1,121,4.0,Green
68250243,5,68,23.9,2,4,1,241,7.0,Bronze
50923081,8,12,29.9,2,1,1,211,4.0,Green
14480428,0,196,59.8,1,4,2,142,7.0,Bronze
32240768,8,24,209.3,2,2,4,224,8.0,Bronze
15997628,1,110,59.8,1,4,2,142,7.0,Bronze
9740877,1,112,23.9,1,4,1,141,6.0,Green
61509085,2,36,23.9,1,3,1,131,5.0,Green
97104993,169,24,29.9,4,2,1,421,7.0,Bronze
83698131,7,76,179.4,2,4,4,244,10.0,Gold
30496504,0,4,59.8,1,1,2,112,4.0,Green
70699280,174,32,29.9,4,3,1,431,8.0,Bronze
78677149,0,45,59.8,1,3,2,132,6.0,Green
61047669,12,26,89.7,3,2,3,323,8.0,Bronze
17629638,7,24,209.3,2,2,4,224,8.0,Bronze
11615079,1,29,29.9,1,3,1,131,5.0,Green
54037140,0,50,209.3,1,3,4,134,8.0,Bronze
27564981,4,65,29.9,2,4,1,241,7.0,Bronze
8723736,23,8,89.7,3,1,3,313,7.0,Bronze
77715826,2,40,59.8,1,3,2,132,6.0,Green
89513277,5,98,209.3,2,4,4,244,10.0,Gold
95103658,6,29,23.9,2,3,1,231,6.0,Green
88154843,0,15,29.9,1,2,1,121,4.0,Green
93099111,3,46,23.9,2,3,1,231,6.0,Green
75731013,0,417,29.9,1,4,1,141,6.0,Green
72849311,17,15,29.9,3,2,1,321,6.0,Green
74324845,12,11,59.8,3,1,2,312,6.0,Green
26832677,2,10,29.9,1,1,1,111,3.0,Green
54337162,22,19,209.3,3,2,4,324,9.0,Silver
16297112,5,39,29.9,2,3,1,231,6.0,Green
9471091,26,34,29.9,3,3,1,331,7.0,Bronze
94958463,22,38,143.5,3,3,3,333,9.0,Silver
48361395,24,12,209.3,3,1,4,314,8.0,Bronze
58235742,119,17,179.4,4,2,4,424,10.0,Gold
68291179,33,12,59.8,4,1,2,412,7.0,Bronze
28031781,4,200,23.9,2,4,1,241,7.0,Bronze
98895580,7,36,179.4,2,3,4,234,9.0,Silver
83902055,9,39,209.3,3,3,4,334,10.0,Gold
53470071,39,5,149.5,4,1,3,413,8.0,Bronze
75103827,13,16,23.9,3,2,1,321,6.0,Green
14782912,9,18,119.6,3,2,3,323,8.0,Bronze
35496152,5,52,89.7,2,4,3,243,9.0,Silver
75649954,4,45,209.3,2,3,4,234,9.0,Silver
27187037,2,21,29.9,1,2,1,121,4.0,Green
77162511,21,11,209.3,3,1,4,314,8.0,Bronze
46413814,5,33,209.3,2,3,4,234,9.0,Silver
44312711,5,34,29.9,2,3,1,231,6.0,Green
18770660,2,87,89.7,1,4,3,143,8.0,Bronze
43099664,18,66,23.9,3,4,1,341,8.0,Bronze
27826592,87,19,59.8,4,2,2,422,8.0,Bronze
97540741,0,820,179.4,1,4,4,144,9.0,Silver
15240610,0,36,209.3,1,3,4,134,8.0,Bronze
88202844,10,22,23.9,3,2,1,321,6.0,Green
33135136,1,73,418.6,1,4,4,144,9.0,Silver
37803346,24,8,119.6,3,1,3,313,7.0,Bronze
79613097,5,50,23.9,2,3,1,231,6.0,Green
56087306,2,60,23.9,1,4,1,141,6.0,Green
24392723,182,8,29.9,4,1,1,411,6.0,Green
39952438,3,26,59.8,2,2,2,222,6.0,Green
40089919,0,37,59.8,1,3,2,132,6.0,Green
16630760,0,56,89.7,1,4,3,143,8.0,Bronze
84135720,25,24,209.3,3,2,4,324,9.0,Silver
74809693,4,33,209.3,2,3,4,234,9.0,Silver
79252803,174,27,179.4,4,2,4,424,10.0,Gold
73500665,0,27,29.9,1,2,1,121,4.0,Green
65301351,2,121,209.3,1,4,4,144,9.0,Silver
8966332,5,138,29.9,2,4,1,241,7.0,Bronze
57475830,8,6,179.4,2,1,4,214,7.0,Bronze
40700523,11,13,209.3,3,1,4,314,8.0,Bronze
63224098,75,16,209.3,4,2,4,424,10.0,Gold
66227543,2,107,209.3,1,4,4,144,9.0,Silver
49668669,2,37,209.3,1,3,4,134,8.0,Bronze
72888232,2,146,83.7,1,4,3,143,8.0,Bronze
75579229,47,91,149.5,4,4,3,443,11.0,Gold
1356188,2,19,119.6,1,2,3,123,6.0,Green
25530293,27,10,89.7,3,1,3,313,7.0,Bronze
92637544,1,78,29.9,1,4,1,141,6.0,Green
2981557,2,12,149.5,1,1,3,113,5.0,Green
13646101,195,3,209.3,4,1,4,414,9.0,Silver
29920313,2,70,89.7,1,4,3,143,8.0,Bronze
86137974,1,37,29.9,1,3,1,131,5.0,Green
70213442,0,48,59.8,1,3,2,132,6.0,Green
94952996,5,19,209.3,2,2,4,224,8.0,Bronze
37293114,2,23,23.9,1,2,1,121,4.0,Green
35018515,80,23,59.8,4,2,2,422,8.0,Bronze
74034956,135,6,59.8,4,1,2,412,7.0,Bronze
49209895,0,29,59.8,1,3,2,132,6.0,Green
42796897,178,30,29.9,4,3,1,431,8.0,Bronze
15891735,0,75,29.9,1,4,1,141,6.0,Green
3471975,0,17,209.3,1,2,4,124,7.0,Bronze
6370606,28,16,89.7,3,2,3,323,8.0,Bronze
17011821,1,35,209.3,1,3,4,134,8.0,Bronze
40204537,64,8,59.8,4,1,2,412,7.0,Bronze
48000629,1,67,29.9,1,4,1,141,6.0,Green
11986577,1,59,29.9,1,4,1,141,6.0,Green
42319878,1,36,59.8,1,3,2,132,6.0,Green
44727455,0,14,209.3,1,1,4,114,6.0,Green
38114867,13,18,59.8,3,2,2,322,7.0,Bronze
55172784,3,17,209.3,2,2,4,224,8.0,Bronze
66480953,24,34,29.9,3,3,1,331,7.0,Bronze
81834234,0,45,29.9,1,3,1,131,5.0,Green
6057153,2,21,59.8,1,2,2,122,5.0,Green
75087729,38,15,59.8,4,2,2,422,8.0,Bronze
66259096,21,35,29.9,3,3,1,331,7.0,Bronze
62957014,10,17,29.9,3,2,1,321,6.0,Green
47386968,9,8,209.3,3,1,4,314,8.0,Bronze
37612306,2,71,59.8,1,4,2,142,7.0,Bronze
28351603,9,104,29.9,3,4,1,341,8.0,Bronze
11951824,0,35,59.8,1,3,2,132,6.0,Green
25569832,2,32,29.9,1,3,1,131,5.0,Green
36302342,8,18,209.3,2,2,4,224,8.0,Bronze
79862385,1,105,179.4,1,4,4,144,9.0,Silver
34725105,1,29,29.9,1,3,1,131,5.0,Green
25196239,2,13,179.4,1,1,4,114,6.0,Green
74473587,2,52,23.9,1,4,1,141,6.0,Green
37778838,178,6,89.7,4,1,3,413,8.0,Bronze
47563756,159,11,29.9,4,1,1,411,6.0,Green
68751542,2,28,29.9,1,3,1,131,5.0,Green
21112716,0,99,209.3,1,4,4,144,9.0,Silver
88420230,6,41,209.3,2,3,4,234,9.0,Silver
78567194,10,30,119.6,3,3,3,333,9.0,Silver
44084285,2,19,59.8,1,2,2,122,5.0,Green
63809143,31,6,29.9,3,1,1,311,5.0,Green
97074053,3,23,29.9,2,2,1,221,5.0,Green
89787944,1,17,29.9,1,2,1,121,4.0,Green
21620681,4,45,209.3,2,3,4,234,9.0,Silver
22318696,1,101,59.8,1,4,2,142,7.0,Bronze
87074322,15,18,29.9,3,2,1,321,6.0,Green
84439100,2,19,29.9,1,2,1,121,4.0,Green
81304483,11,13,149.5,3,1,3,313,7.0,Bronze
63140437,0,67,23.9,1,4,1,141,6.0,Green
95723920,21,30,29.9,3,3,1,331,7.0,Bronze
23415496,8,6,149.5,2,1,3,213,6.0,Green
47752861,1,35,59.8,1,3,2,132,6.0,Green
94295150,0,106,23.9,1,4,1,141,6.0,Green
70688781,13,36,59.8,3,3,2,332,8.0,Bronze
28828854,35,28,29.9,4,3,1,431,8.0,Bronze
81507963,17,75,209.3,3,4,4,344,11.0,Gold
42771756,171,3,119.6,4,1,3,413,8.0,Bronze
10493628,12,42,179.4,3,3,4,334,10.0,Gold
11157316,208,1,209.3,4,1,4,414,9.0,Silver
79254346,204,1,29.9,4,1,1,411,6.0,Green
13125584,0,273,89.7,1,4,3,143,8.0,Bronze
4086180,8,77,209.3,2,4,4,244,10.0,Gold
1773413,6,15,29.9,2,2,1,221,5.0,Green
38630048,1,19,29.9,1,2,1,121,4.0,Green
13827692,20,27,29.9,3,2,1,321,6.0,Green
88198393,139,116,89.7,4,4,3,443,11.0,Gold
83546530,170,2,209.3,4,1,4,414,9.0,Silver
38637104,8,54,119.6,3,4,3,343,10.0,Gold
3555284,3,26,179.4,2,2,4,224,8.0,Bronze
99619254,56,4,89.7,4,1,3,413,8.0,Bronze
25466071,2,25,29.9,1,2,1,121,4.0,Green
4123146,2,21,29.9,1,2,1,121,4.0,Green
83141038,4,11,29.9,2,1,1,211,4.0,Green
57187584,0,223,209.3,1,4,4,144,9.0,Silver
12640842,172,12,29.9,4,1,1,411,6.0,Green
19915132,0,55,29.9,1,4,1,141,6.0,Green
34493736,56,27,179.4,4,2,4,424,10.0,Gold
96698339,19,11,29.9,3,1,1,311,5.0,Green
44091550,35,11,59.8,4,1,2,412,7.0,Bronze
90738868,152,12,59.8,4,1,2,412,7.0,Bronze
93283900,24,228,59.8,3,4,2,342,9.0,Silver
98716368,16,9,209.3,3,1,4,314,8.0,Bronze
14048032,1,109,29.9,1,4,1,141,6.0,Green
5701210,11,46,59.8,3,3,2,332,8.0,Bronze
16806380,15,14,29.9,3,1,1,311,5.0,Green
1387231,10,51,113.6,3,4,3,343,10.0,Gold
81458377,39,17,209.3,4,2,4,424,10.0,Gold
65255005,8,71,29.9,3,4,1,341,8.0,Bronze
77578151,14,11,29.9,3,1,1,311,5.0,Green
5204400,18,37,29.9,3,3,1,331,7.0,Bronze
96973996,39,6,179.4,4,1,4,414,9.0,Silver
55584081,0,14,29.9,1,1,1,111,3.0,Green
50276542,4,14,23.9,2,1,1,211,4.0,Green
22352264,13,28,59.8,3,3,2,332,8.0,Bronze
63744446,53,47,89.7,4,3,3,433,10.0,Gold
57668828,128,157,59.8,4,4,2,442,10.0,Gold
80893303,16,12,29.9,3,1,1,311,5.0,Green
55413522,9,14,209.3,3,1,4,314,8.0,Bronze
80952971,34,12,29.9,4,1,1,411,6.0,Green
73376237,11,85,29.9,3,4,1,341,8.0,Bronze
78568448,4,16,29.9,2,2,1,221,5.0,Green
59699529,36,15,29.9,4,2,1,421,7.0,Bronze
43540110,7,38,209.3,2,3,4,234,9.0,Silver
68616932,30,23,89.7,3,2,3,323,8.0,Bronze
25569314,15,54,59.8,3,4,2,342,9.0,Silver
40001323,0,63,23.9,1,4,1,141,6.0,Green
42267455,206,1,209.3,4,1,4,414,9.0,Silver
19916944,120,6,89.7,4,1,3,413,8.0,Bronze
29524573,3,26,59.8,2,2,2,222,6.0,Green
40224265,176,8,29.9,4,1,1,411,6.0,Green
98734304,57,23,59.8,4,2,2,422,8.0,Bronze
19798238,4,41,59.8,2,3,2,232,7.0,Bronze
21149407,94,22,59.8,4,2,2,422,8.0,Bronze
9447748,168,13,59.8,4,1,2,412,7.0,Bronze
23046606,182,10,29.9,4,1,1,411,6.0,Green
14064454,14,8,209.3,3,1,4,314,8.0,Bronze
7072837,177,20,29.9,4,2,1,421,7.0,Bronze
91796003,78,5,209.3,4,1,4,414,9.0,Silver
47360101,2,41,59.8,1,3,2,132,6.0,Green
78565010,0,37,119.6,1,3,3,133,7.0,Bronze
79958203,193,11,29.9,4,1,1,411,6.0,Green
1914097,3,22,29.9,2,2,1,221,5.0,Green
43518092,16,18,23.9,3,2,1,321,6.0,Green
97179251,3,49,179.4,2,3,4,234,9.0,Silver
59876188,75,367,59.8,4,4,2,442,10.0,Gold
33921397,21,5,29.9,3,1,1,311,5.0,Green
62200299,27,18,29.9,3,2,1,321,6.0,Green
52872168,8,95,209.3,3,4,4,344,11.0,Gold
31845584,0,113,89.7,1,4,3,143,8.0,Bronze
63654253,71,76,209.3,4,4,4,444,12.0,Gold
44130001,0,27,209.3,1,2,4,124,7.0,Bronze
74636446,165,8,23.9,4,1,1,411,6.0,Green
14234083,0,67,89.7,1,4,3,143,8.0,Bronze
74342810,6,24,23.9,2,2,1,221,5.0,Green
44520434,2,25,209.3,1,2,4,124,7.0,Bronze
14816423,29,30,209.3,3,3,4,334,10.0,Gold
40518159,1,67,59.8,1,4,2,142,7.0,Bronze
84164021,25,159,59.8,3,4,2,342,9.0,Silver
89787486,1,356,23.9,1,4,1,141,6.0,Green
23392582,138,7,59.8,4,1,2,412,7.0,Bronze
43873660,181,30,119.6,4,3,3,433,10.0,Gold
58245323,1,23,149.5,1,2,3,123,6.0,Green
74202398,2,56,119.6,1,4,3,143,8.0,Bronze
62772048,105,5,119.6,4,1,3,413,8.0,Bronze
74042450,10,25,209.3,3,2,4,324,9.0,Silver
87201106,84,45,59.8,4,3,2,432,9.0,Silver
24985508,17,28,209.3,3,3,4,334,10.0,Gold
16243450,8,205,209.3,3,4,4,344,11.0,Gold
7864019,1,61,89.7,1,4,3,143,8.0,Bronze
41403146,2,51,29.9,2,4,1,241,7.0,Bronze
90213230,2,79,29.9,2,4,1,241,7.0,Bronze
46704946,0,69,23.9,1,4,1,141,6.0,Green
28059155,45,16,23.9,4,2,1,421,7.0,Bronze
1632177,2,10,209.3,2,1,4,214,7.0,Bronze
7458206,1,35,59.8,1,3,2,132,6.0,Green
36300639,37,14,119.6,4,1,3,413,8.0,Bronze
7814905,169,7,29.9,4,1,1,411,6.0,Green
24147153,49,10,23.9,4,1,1,411,6.0,Green
57073830,2,25,29.9,2,2,1,221,5.0,Green
22914438,5,46,59.8,2,3,2,232,7.0,Bronze
60934425,0,26,209.3,1,2,4,124,7.0,Bronze
97500381,8,70,23.9,3,4,1,341,8.0,Bronze
65029561,98,32,89.7,4,3,3,433,10.0,Gold
24032423,4,38,89.7,2,3,3,233,8.0,Bronze
42062781,6,85,59.8,2,4,2,242,8.0,Bronze
68950428,191,5,29.9,4,1,1,411,6.0,Green
63209462,70,122,209.3,4,4,4,444,12.0,Gold
28803075,0,59,29.9,1,4,1,141,6.0,Green
76818794,3,48,209.3,2,3,4,234,9.0,Silver
63408832,1,100,119.6,1,4,3,143,8.0,Bronze
87053933,1,39,89.7,1,3,3,133,7.0,Bronze
1822968,0,24,59.8,1,2,2,122,5.0,Green
9945949,68,21,59.8,4,2,2,422,8.0,Bronze
85549030,6,51,59.8,2,4,2,242,8.0,Bronze
6459491,31,32,59.8,3,3,2,332,8.0,Bronze
15685189,0,24,209.3,1,2,4,124,7.0,Bronze
70850813,1,160,209.3,1,4,4,144,9.0,Silver
1604105,53,29,179.4,4,3,4,434,11.0,Gold
91830447,1,37,29.9,1,3,1,131,5.0,Green
24168633,5,59,209.3,2,4,4,244,10.0,Gold
83540430,2,19,29.9,2,2,1,221,5.0,Green
20252137,1,12,29.9,1,1,1,111,3.0,Green
5982283,35,25,29.9,4,2,1,421,7.0,Bronze
9447161,1,38,59.8,1,3,2,132,6.0,Green
25823010,1,99,29.9,1,4,1,141,6.0,Green
20337255,8,43,23.9,3,3,1,331,7.0,Bronze
19828809,162,13,59.8,4,1,2,412,7.0,Bronze
79972610,7,121,209.3,2,4,4,244,10.0,Gold
69125015,0,19,29.9,1,2,1,121,4.0,Green
40234158,1,55,149.5,1,4,3,143,8.0,Bronze
41235195,183,19,209.3,4,2,4,424,10.0,Gold
91762902,10,33,209.3,3,3,4,334,10.0,Gold
96852159,1,6,29.9,1,1,1,111,3.0,Green
65714200,5,249,149.5,2,4,3,243,9.0,Silver
46922590,106,25,119.6,4,2,3,423,9.0,Silver
94347287,1,35,29.9,1,3,1,131,5.0,Green
80466718,170,27,59.8,4,2,2,422,8.0,Bronze
55126232,73,12,179.4,4,1,4,414,9.0,Silver
26726890,0,61,89.7,1,4,3,143,8.0,Bronze
84059416,33,30,29.9,4,3,1,431,8.0,Bronze
7090516,141,19,59.8,4,2,2,422,8.0,Bronze
89046718,4,51,59.8,2,4,2,242,8.0,Bronze
60455019,89,31,23.9,4,3,1,431,8.0,Bronze
72240279,57,40,89.7,4,3,3,433,10.0,Gold
75867885,57,43,59.8,4,3,2,432,9.0,Silver
61930636,6,41,59.8,2,3,2,232,7.0,Bronze
53271469,4,30,149.5,2,3,3,233,8.0,Bronze
78442489,19,9,59.8,3,1,2,312,6.0,Green
27083898,0,42,29.9,1,3,1,131,5.0,Green
85269784,5,42,89.7,2,3,3,233,8.0,Bronze
83130058,33,25,209.3,4,2,4,424,10.0,Gold
69986158,1,166,89.7,1,4,3,143,8.0,Bronze
47592272,0,11,89.7,1,1,3,113,5.0,Green
90806299,4,14,59.8,2,1,2,212,5.0,Green
4157032,1,24,29.9,1,2,1,121,4.0,Green
57747474,145,21,59.8,4,2,2,422,8.0,Bronze
57544781,51,11,23.9,4,1,1,411,6.0,Green
39737036,2,52,59.8,2,4,2,242,8.0,Bronze
9478030,171,4,29.9,4,1,1,411,6.0,Green
83878881,27,40,89.7,3,3,3,333,9.0,Silver
9357189,2,18,209.3,2,2,4,224,8.0,Bronze
9605518,0,70,59.8,1,4,2,142,7.0,Bronze
57415344,3,5,29.9,2,1,1,211,4.0,Green
5347331,4,19,59.8,2,2,2,222,6.0,Green
33204611,12,9,89.7,3,1,3,313,7.0,Bronze
86146739,2,102,179.4,2,4,4,244,10.0,Gold
3305630,1,26,29.9,1,2,1,121,4.0,Green
77679133,44,36,179.4,4,3,4,434,11.0,Gold
23465260,10,17,59.8,3,2,2,322,7.0,Bronze
45282757,171,159,89.7,4,4,3,443,11.0,Gold
58949040,6,12,59.8,2,1,2,212,5.0,Green
66420739,12,10,149.5,3,1,3,313,7.0,Bronze
46557945,8,49,209.3,3,3,4,334,10.0,Gold
90628057,9,17,29.9,3,2,1,321,6.0,Green
52102286,51,6,29.9,4,1,1,411,6.0,Green
9239771,21,31,209.3,3,3,4,334,10.0,Gold
72798420,164,19,59.8,4,2,2,422,8.0,Bronze
92216071,113,4,209.3,4,1,4,414,9.0,Silver
5356079,35,83,119.6,4,4,3,443,11.0,Gold
582516,8,24,29.9,3,2,1,321,6.0,Green
70213179,1,107,83.7,1,4,3,143,8.0,Bronze
43476521,4,58,29.9,2,4,1,241,7.0,Bronze
82062034,43,28,209.3,4,3,4,434,11.0,Gold
8993835,16,25,29.9,3,2,1,321,6.0,Green
5158627,9,33,29.9,3,3,1,331,7.0,Bronze
74412803,44,68,89.7,4,4,3,443,11.0,Gold
52377199,3,66,209.3,2,4,4,244,10.0,Gold
46890310,189,6,29.9,4,1,1,411,6.0,Green
31394356,168,67,59.8,4,4,2,442,10.0,Gold
55620964,5,69,149.5,2,4,3,243,9.0,Silver
75686978,195,6,29.9,4,1,1,411,6.0,Green
76946494,44,21,89.7,4,2,3,423,9.0,Silver
39863631,5,96,143.5,2,4,3,243,9.0,Silver
22770205,131,80,59.8,4,4,2,442,10.0,Gold
51872145,6,53,29.9,2,4,1,241,7.0,Bronze
82967608,94,6,59.8,4,1,2,412,7.0,Bronze
60454106,0,47,209.3,1,3,4,134,8.0,Bronze
66957509,8,58,29.9,3,4,1,341,8.0,Bronze
58267662,23,8,29.9,3,1,1,311,5.0,Green
37298284,1,5,23.9,1,1,1,111,3.0,Green
90584456,2,115,23.9,2,4,1,241,7.0,Bronze
96400444,167,12,179.4,4,1,4,414,9.0,Silver
57209236,196,3,149.5,4,1,3,413,8.0,Bronze
15592068,4,28,29.9,2,3,1,231,6.0,Green
89810515,3,124,149.5,2,4,3,243,9.0,Silver
99607653,6,31,29.9,2,3,1,231,6.0,Green
72266064,3,86,59.8,2,4,2,242,8.0,Bronze
21289138,3,25,119.6,2,2,3,223,7.0,Bronze
830556,8,13,29.9,3,1,1,311,5.0,Green
60551441,9,4,29.9,3,1,1,311,5.0,Green
10350165,3,44,23.9,2,3,1,231,6.0,Green
25139683,24,134,23.9,3,4,1,341,8.0,Bronze
24359679,14,40,209.3,3,3,4,334,10.0,Gold
50487093,182,18,29.9,4,2,1,421,7.0,Bronze
45905638,36,38,209.3,4,3,4,434,11.0,Gold
35016775,17,32,59.8,3,3,2,332,8.0,Bronze
94891342,39,10,29.9,4,1,1,411,6.0,Green
45199634,29,37,29.9,3,3,1,331,7.0,Bronze
67451574,37,50,29.9,4,3,1,431,8.0,Bronze
20127861,1,101,29.9,1,4,1,141,6.0,Green
85646437,24,37,209.3,3,3,4,334,10.0,Gold
23131939,0,95,59.8,1,4,2,142,7.0,Bronze
24656132,191,4,209.3,4,1,4,414,9.0,Silver
56460218,1,34,23.9,1,3,1,131,5.0,Green
74650627,24,17,59.8,3,2,2,322,7.0,Bronze
5136692,8,10,59.8,3,1,2,312,6.0,Green
72871988,4,15,59.8,2,2,2,222,6.0,Green
1917538,0,61,209.3,1,4,4,144,9.0,Silver
60628080,4,12,59.8,2,1,2,212,5.0,Green
3216224,19,31,179.4,3,3,4,334,10.0,Gold
96616539,3,11,59.8,2,1,2,212,5.0,Green
70704350,0,72,149.5,1,4,3,143,8.0,Bronze
79762151,1,58,53.8,1,4,2,142,7.0,Bronze
92281235,7,72,29.9,2,4,1,241,7.0,Bronze
50974457,36,17,119.6,4,2,3,423,9.0,Silver
74598828,2,40,29.9,2,3,1,231,6.0,Green
5164183,6,217,209.3,2,4,4,244,10.0,Gold
28266291,27,21,29.9,3,2,1,321,6.0,Green
14170952,13,10,59.8,3,1,2,312,6.0,Green
59046807,2,31,89.7,2,3,3,233,8.0,Bronze
91935651,72,12,209.3,4,1,4,414,9.0,Silver
89813363,3,9,29.9,2,1,1,211,4.0,Green
80299167,0,59,149.5,1,4,3,143,8.0,Bronze
6036226,22,9,29.9,3,1,1,311,5.0,Green
92013132,27,10,23.9,3,1,1,311,5.0,Green
67803667,169,20,59.8,4,2,2,422,8.0,Bronze
54800631,193,4,149.5,4,1,3,413,8.0,Bronze
20565181,0,20,209.3,1,2,4,124,7.0,Bronze
36606770,9,109,209.3,3,4,4,344,11.0,Gold
38612971,6,74,119.6,2,4,3,243,9.0,Silver
26872540,1,174,89.7,1,4,3,143,8.0,Bronze
79559916,0,22,23.9,1,2,1,121,4.0,Green
8330164,27,26,179.4,3,2,4,324,9.0,Silver
71747980,10,24,89.7,3,2,3,323,8.0,Bronze
18573541,184,15,29.9,4,2,1,421,7.0,Bronze
99253785,169,22,59.8,4,2,2,422,8.0,Bronze
63619795,184,4,29.9,4,1,1,411,6.0,Green
90313339,1,40,59.8,1,3,2,132,6.0,Green
71379056,2,20,119.6,2,2,3,223,7.0,Bronze
15525018,0,57,59.8,1,4,2,142,7.0,Bronze
8692118,0,56,59.8,1,4,2,142,7.0,Bronze
29680703,10,22,29.9,3,2,1,321,6.0,Green
5534882,0,64,23.9,1,4,1,141,6.0,Green
71265923,2,113,89.7,2,4,3,243,9.0,Silver
14754145,160,15,179.4,4,2,4,424,10.0,Gold
86521440,3,38,59.8,2,3,2,232,7.0,Bronze
16751095,37,11,89.7,4,1,3,413,8.0,Bronze
30876690,0,18,29.9,1,2,1,121,4.0,Green
68354603,3,35,209.3,2,3,4,234,9.0,Silver
8507009,36,14,149.5,4,1,3,413,8.0,Bronze
20977975,1,23,119.6,1,2,3,123,6.0,Green
93616795,84,36,59.8,4,3,2,432,9.0,Silver
64313977,4,24,23.9,2,2,1,221,5.0,Green
16539471,16,16,29.9,3,2,1,321,6.0,Green
64081646,6,58,23.9,2,4,1,241,7.0,Bronze
91694581,188,4,59.8,4,1,2,412,7.0,Bronze
92778941,0,16,89.7,1,2,3,123,6.0,Green
52247756,0,62,119.6,1,4,3,143,8.0,Bronze
9907000,24,29,29.9,3,3,1,331,7.0,Bronze
47532842,2,20,209.3,2,2,4,224,8.0,Bronze
57545056,0,269,23.9,1,4,1,141,6.0,Green
70160736,2,41,29.9,2,3,1,231,6.0,Green
13779672,3,32,23.9,2,3,1,231,6.0,Green
42916402,46,17,179.4,4,2,4,424,10.0,Gold
90185310,17,31,209.3,3,3,4,334,10.0,Gold
1231617,0,270,209.3,1,4,4,144,9.0,Silver
78197629,6,44,59.8,2,3,2,232,7.0,Bronze
93931553,21,20,23.9,3,2,1,321,6.0,Green
40587774,178,11,29.9,4,1,1,411,6.0,Green
27842167,78,66,89.7,4,4,3,443,11.0,Gold
10641866,0,140,89.7,1,4,3,143,8.0,Bronze
10887516,6,60,149.5,2,4,3,243,9.0,Silver
46924711,0,40,209.3,1,3,4,134,8.0,Bronze
21048918,16,140,59.8,3,4,2,342,9.0,Silver
61956281,11,11,29.9,3,1,1,311,5.0,Green
3603886,67,6,149.5,4,1,3,413,8.0,Bronze
28962242,2,34,29.9,2,3,1,231,6.0,Green
86760048,34,9,59.8,4,1,2,412,7.0,Bronze
13488864,4,10,149.5,2,1,3,213,6.0,Green
47275911,0,29,29.9,1,3,1,131,5.0,Green
54316184,2,106,119.6,2,4,3,243,9.0,Silver
47626839,7,16,29.9,2,2,1,221,5.0,Green
34038363,152,25,89.7,4,2,3,423,9.0,Silver
20618597,1,54,23.9,1,4,1,141,6.0,Green
62729598,2,60,23.9,2,4,1,241,7.0,Bronze
357822,2,11,29.9,2,1,1,211,4.0,Green
12948035,2,114,59.8,2,4,2,242,8.0,Bronze
16167830,12,13,209.3,3,1,4,314,8.0,Bronze
44387047,8,9,209.3,3,1,4,314,8.0,Bronze
94809593,5,79,209.3,2,4,4,244,10.0,Gold
35962094,32,17,209.3,4,2,4,424,10.0,Gold
54227508,3,22,59.8,2,2,2,222,6.0,Green
6188185,8,79,23.9,3,4,1,341,8.0,Bronze
95006862,1,22,209.3,1,2,4,124,7.0,Bronze
23506425,22,16,89.7,3,2,3,323,8.0,Bronze
32177666,22,13,29.9,3,1,1,311,5.0,Green
17477694,0,44,83.7,1,3,3,133,7.0,Bronze
17275877,4,10,29.9,2,1,1,211,4.0,Green
54249383,161,5,209.3,4,1,4,414,9.0,Silver
79305710,3,10,209.3,2,1,4,214,7.0,Bronze
48471566,0,63,59.8,1,4,2,142,7.0,Bronze
68247702,87,18,59.8,4,2,2,422,8.0,Bronze
18660614,1,36,209.3,1,3,4,134,8.0,Bronze
93408772,192,1,29.9,4,1,1,411,6.0,Green
7682783,8,22,59.8,3,2,2,322,7.0,Bronze
25393906,101,54,89.7,4,4,3,443,11.0,Gold
53085753,11,12,149.5,3,1,3,313,7.0,Bronze
9066421,169,6,59.8,4,1,2,412,7.0,Bronze
84902451,150,82,209.3,4,4,4,444,12.0,Gold
78636938,1,21,29.9,1,2,1,121,4.0,Green
49222974,1,72,149.5,1,4,3,143,8.0,Bronze
12443064,12,10,29.9,3,1,1,311,5.0,Green
105540,19,22,23.9,3,2,1,321,6.0,Green
77055834,58,10,119.6,4,1,3,413,8.0,Bronze
24019986,16,24,23.9,3,2,1,321,6.0,Green
59644427,53,10,89.7,4,1,3,413,8.0,Bronze
36022386,2,105,209.3,2,4,4,244,10.0,Gold
41589220,190,8,179.4,4,1,4,414,9.0,Silver
85807905,207,2,209.3,4,1,4,414,9.0,Silver
95230886,0,37,209.3,1,3,4,134,8.0,Bronze
56109164,1,164,29.9,1,4,1,141,6.0,Green
20419797,185,6,59.8,4,1,2,412,7.0,Bronze
9526958,17,17,209.3,3,2,4,324,9.0,Silver
35577933,0,87,23.9,1,4,1,141,6.0,Green
39809831,22,37,89.7,3,3,3,333,9.0,Silver
19551037,193,8,89.7,4,1,3,413,8.0,Bronze
75525504,1,70,149.5,1,4,3,143,8.0,Bronze
5905037,17,26,209.3,3,2,4,324,9.0,Silver
51042815,192,10,209.3,4,1,4,414,9.0,Silver
65376645,183,19,29.9,4,2,1,421,7.0,Bronze
29389752,0,171,209.3,1,4,4,144,9.0,Silver
44648071,6,85,149.5,2,4,3,243,9.0,Silver
38696174,0,30,89.7,1,3,3,133,7.0,Bronze
6200093,3,58,59.8,2,4,2,242,8.0,Bronze
43551248,8,13,59.8,3,1,2,312,6.0,Green
61060986,22,52,179.4,3,4,4,344,11.0,Gold
55521242,2,16,119.6,2,2,3,223,7.0,Bronze
81362316,51,5,23.9,4,1,1,411,6.0,Green
58976883,12,73,89.7,3,4,3,343,10.0,Gold
65417919,193,8,209.3,4,1,4,414,9.0,Silver
41679751,0,8,29.9,1,1,1,111,3.0,Green
6656823,0,38,59.8,1,3,2,132,6.0,Green
65825409,166,24,29.9,4,2,1,421,7.0,Bronze
60144503,24,179,29.9,3,4,1,341,8.0,Bronze
27902253,171,10,29.9,4,1,1,411,6.0,Green
64646548,84,7,89.7,4,1,3,413,8.0,Bronze
13571337,1,11,29.9,1,1,1,111,3.0,Green
32977790,175,42,89.7,4,3,3,433,10.0,Gold
6329888,0,17,89.7,1,2,3,123,6.0,Green
94147763,5,12,209.3,2,1,4,214,7.0,Bronze
13988803,0,53,59.8,1,4,2,142,7.0,Bronze
87423253,0,124,179.4,1,4,4,144,9.0,Silver
92045790,5,146,89.7,2,4,3,243,9.0,Silver
5976361,2,20,29.9,2,2,1,221,5.0,Green
32282206,178,5,29.9,4,1,1,411,6.0,Green
27768196,0,151,209.3,1,4,4,144,9.0,Silver
59784633,16,10,29.9,3,1,1,311,5.0,Green
44218778,10,96,209.3,3,4,4,344,11.0,Gold
41666879,8,14,59.8,3,1,2,312,6.0,Green
90988131,9,91,209.3,3,4,4,344,11.0,Gold
24425072,25,23,149.5,3,2,3,323,8.0,Bronze
82246302,1,61,149.5,1,4,3,143,8.0,Bronze
56287936,1,64,59.8,1,4,2,142,7.0,Bronze
49081200,3,173,149.5,2,4,3,243,9.0,Silver
33373055,2,109,179.4,2,4,4,244,10.0,Gold
61034583,3,41,59.8,2,3,2,232,7.0,Bronze
41983575,35,6,209.3,4,1,4,414,9.0,Silver
6325111,180,14,209.3,4,1,4,414,9.0,Silver
49584150,6,28,29.9,2,3,1,231,6.0,Green
31811327,64,17,149.5,4,2,3,423,9.0,Silver
45922103,30,24,59.8,3,2,2,322,7.0,Bronze
67135777,15,8,209.3,3,1,4,314,8.0,Bronze
26513214,2,65,59.8,2,4,2,242,8.0,Bronze
4360604,2,42,29.9,2,3,1,231,6.0,Green
47240912,2,77,59.8,2,4,2,242,8.0,Bronze
13937236,191,14,29.9,4,1,1,411,6.0,Green
65878731,23,52,59.8,3,4,2,342,9.0,Silver
32938466,183,1,119.6,4,1,3,413,8.0,Bronze
39514993,46,30,209.3,4,3,4,434,11.0,Gold
79908145,0,57,23.9,1,4,1,141,6.0,Green
91352819,12,36,23.9,3,3,1,331,7.0,Bronze
40297350,83,22,29.9,4,2,1,421,7.0,Bronze
18922795,2,600,179.4,2,4,4,244,10.0,Gold
90578491,0,20,59.8,1,2,2,122,5.0,Green
11919519,2,52,89.7,2,4,3,243,9.0,Silver
11116853,6,38,89.7,2,3,3,233,8.0,Bronze
2842972,2,80,209.3,2,4,4,244,10.0,Gold
68385160,20,14,29.9,3,1,1,311,5.0,Green
77891596,4,120,29.9,2,4,1,241,7.0,Bronze
30861093,148,2,59.8,4,1,2,412,7.0,Bronze
83481762,1,47,119.6,1,3,3,133,7.0,Bronze
74788755,5,25,29.9,2,2,1,221,5.0,Green
80176749,0,46,59.8,1,3,2,132,6.0,Green
88821289,37,16,119.6,4,2,3,423,9.0,Silver
73495980,3,33,119.6,2,3,3,233,8.0,Bronze
81228345,2,39,29.9,2,3,1,231,6.0,Green
811899,20,5,89.7,3,1,3,313,7.0,Bronze
62946764,7,42,209.3,2,3,4,234,9.0,Silver
34794649,4,40,209.3,2,3,4,234,9.0,Silver
12313968,28,11,59.8,3,1,2,312,6.0,Green
35062812,32,50,29.9,4,3,1,431,8.0,Bronze
52684890,7,203,29.9,2,4,1,241,7.0,Bronze
9337464,0,59,59.8,1,4,2,142,7.0,Bronze
5688991,9,29,29.9,3,3,1,331,7.0,Bronze
98990268,23,53,59.8,3,4,2,342,9.0,Silver
21671745,48,196,209.3,4,4,4,444,12.0,Gold
76755629,4,110,209.3,2,4,4,244,10.0,Gold
65157997,1,82,23.9,1,4,1,141,6.0,Green
26053301,15,4,29.9,3,1,1,311,5.0,Green
54614031,9,61,89.7,3,4,3,343,10.0,Gold
55394281,21,69,29.9,3,4,1,341,8.0,Bronze
24763557,169,9,29.9,4,1,1,411,6.0,Green
17422993,1,91,149.5,1,4,3,143,8.0,Bronze
92307069,7,36,59.8,2,3,2,232,7.0,Bronze
95104008,24,21,209.3,3,2,4,324,9.0,Silver
40410766,0,47,59.8,1,3,2,132,6.0,Green
28652207,14,64,209.3,3,4,4,344,11.0,Gold
6702717,2,37,209.3,2,3,4,234,9.0,Silver
83791216,1,68,53.8,1,4,2,142,7.0,Bronze
56220531,26,24,149.5,3,2,3,323,8.0,Bronze
89090803,5,15,209.3,2,2,4,224,8.0,Bronze
53344167,5,99,29.9,2,4,1,241,7.0,Bronze
67394242,3,32,59.8,2,3,2,232,7.0,Bronze
39310411,9,25,59.8,3,2,2,322,7.0,Bronze
74419699,44,9,89.7,4,1,3,413,8.0,Bronze
88394420,177,13,179.4,4,1,4,414,9.0,Silver
6695458,2,17,23.9,2,2,1,221,5.0,Green
32158485,22,33,23.9,3,3,1,331,7.0,Bronze
86850977,2,146,89.7,2,4,3,243,9.0,Silver
76524111,3,51,209.3,2,4,4,244,10.0,Gold
27249305,3,30,119.6,2,3,3,233,8.0,Bronze
1175316,1,68,29.9,1,4,1,141,6.0,Green
3100481,8,11,29.9,3,1,1,311,5.0,Green
57376701,37,144,119.6,4,4,3,443,11.0,Gold
55348104,98,8,89.7,4,1,3,413,8.0,Bronze
1610111,9,39,23.9,3,3,1,331,7.0,Bronze
965192,0,111,209.3,1,4,4,144,9.0,Silver
10015104,0,269,89.7,1,4,3,143,8.0,Bronze
81126894,0,93,29.9,1,4,1,141,6.0,Green
11827955,192,22,29.9,4,2,2,422,8.0,Bronze
25637693,10,58,89.7,3,4,3,343,10.0,Gold
79782847,3,26,209.3,2,2,4,224,8.0,Bronze
76080886,3,30,29.9,2,3,2,232,7.0,Bronze
85507159,0,63,59.8,1,4,2,142,7.0,Bronze
85807579,2,110,209.3,2,4,4,244,10.0,Gold
97166966,9,13,29.9,3,1,2,312,6.0,Green
19101140,2,16,29.9,2,2,2,222,6.0,Green
57812870,4,45,23.9,2,3,1,231,6.0,Green
74649826,0,16,59.8,1,2,2,122,5.0,Green
70208279,185,2,209.3,4,1,4,414,9.0,Silver
46942301,0,108,209.3,1,4,4,144,9.0,Silver
22249995,2,41,89.7,2,3,3,233,8.0,Bronze
43076064,3,53,23.9,2,4,1,241,7.0,Bronze
52189245,3,26,59.8,2,2,2,222,6.0,Green
96379574,25,6,149.5,3,1,3,313,7.0,Bronze
36787371,0,58,59.8,1,4,2,142,7.0,Bronze
73106380,135,11,29.9,4,1,2,412,7.0,Bronze
74868815,3,15,209.3,2,2,4,224,8.0,Bronze
64314670,8,12,29.9,3,1,2,312,6.0,Green
54999712,1,45,23.9,1,3,1,131,5.0,Green
27756437,4,138,209.3,2,4,4,244,10.0,Gold
88805388,132,12,59.8,4,1,2,412,7.0,Bronze
33942437,14,19,29.9,3,2,2,322,7.0,Bronze
96825968,198,13,209.3,4,1,4,414,9.0,Silver
43371452,16,109,209.3,3,4,4,344,11.0,Gold
41483095,0,7,209.3,1,1,4,114,6.0,Green
89680809,0,56,59.8,1,4,2,142,7.0,Bronze
89963376,160,24,59.8,4,2,2,422,8.0,Bronze
54653112,3,3,209.3,2,1,4,214,7.0,Bronze
4983431,100,15,119.6,4,2,3,423,9.0,Silver
20823114,1,17,23.9,1,2,1,121,4.0,Green
68618699,0,25,23.9,1,2,1,121,4.0,Green
2057146,5,9,59.8,2,1,2,212,5.0,Green
75106779,1,45,209.3,1,3,4,134,8.0,Bronze
31519500,0,29,89.7,1,3,3,133,7.0,Bronze
4660240,7,19,209.3,2,2,4,224,8.0,Bronze
52449997,8,20,119.6,3,2,3,323,8.0,Bronze
15245846,6,12,209.3,2,1,4,214,7.0,Bronze
6669836,0,83,29.9,1,4,2,142,7.0,Bronze
4942595,14,18,29.9,3,2,2,322,7.0,Bronze
21612129,16,37,59.8,3,3,2,332,8.0,Bronze
17307659,2,77,23.9,2,4,1,241,7.0,Bronze
94001257,95,17,119.6,4,2,3,423,9.0,Silver
7343056,3,57,23.9,2,4,1,241,7.0,Bronze
70715182,0,68,29.9,1,4,2,142,7.0,Bronze
9592706,1,33,119.6,1,3,3,133,7.0,Bronze
50264990,0,14,209.3,1,1,4,114,6.0,Green
24249664,30,33,149.5,3,3,4,334,10.0,Gold
54032624,10,39,59.8,3,3,2,332,8.0,Bronze
99165287,10,4,29.9,3,1,2,312,6.0,Green
95311702,22,38,209.3,3,3,4,334,10.0,Gold
98132119,3,19,89.7,2,2,3,223,7.0,Bronze
28326689,0,77,23.9,1,4,1,141,6.0,Green
85821296,9,55,209.3,3,4,4,344,11.0,Gold
49775047,22,40,119.6,3,3,3,333,9.0,Silver
52965894,3,10,179.4,2,1,4,214,7.0,Bronze
77386900,10,5,29.9,3,1,2,312,6.0,Green
95206106,19,19,23.9,3,2,1,321,6.0,Green
22667435,34,26,179.4,4,2,4,424,10.0,Gold
79466709,4,40,23.9,2,3,1,231,6.0,Green
28787352,1,47,59.8,1,3,2,132,6.0,Green
56222589,16,43,29.9,3,3,2,332,8.0,Bronze
35041610,14,157,23.9,3,4,1,341,8.0,Bronze
47091561,1,12,149.5,1,1,4,114,6.0,Green
43648778,24,49,179.4,3,3,4,334,10.0,Gold
9987275,3,56,209.3,2,4,4,244,10.0,Gold
65180201,0,98,23.9,1,4,1,141,6.0,Green
21714178,162,10,89.7,4,1,3,413,8.0,Bronze
3652087,8,7,29.9,3,1,2,312,6.0,Green
62038073,0,365,23.9,1,4,1,141,6.0,Green
13957860,1,129,29.9,1,4,2,142,7.0,Bronze
23831331,7,60,149.5,2,4,4,244,10.0,Gold
70187317,4,88,209.3,2,4,4,244,10.0,Gold
76763658,2,73,143.5,2,4,3,243,9.0,Silver
4782335,7,39,59.8,2,3,2,232,7.0,Bronze
20654919,194,4,59.8,4,1,2,412,7.0,Bronze
82962373,6,33,89.7,2,3,3,233,8.0,Bronze
38164554,4,11,29.9,2,1,2,212,5.0,Green
16826790,24,33,89.7,3,3,3,333,9.0,Silver
20874309,10,48,23.9,3,3,1,331,7.0,Bronze
34290614,8,20,89.7,3,2,3,323,8.0,Bronze
64309887,14,38,29.9,3,3,2,332,8.0,Bronze
49619315,25,11,59.8,3,1,2,312,6.0,Green
67330733,14,6,29.9,3,1,2,312,6.0,Green
28830346,6,31,209.3,2,3,4,234,9.0,Silver
98847778,9,72,209.3,3,4,4,344,11.0,Gold
1199292,175,17,209.3,4,2,4,424,10.0,Gold
39762223,22,65,59.8,3,4,2,342,9.0,Silver
88643396,34,24,29.9,4,2,2,422,8.0,Bronze
11342695,4,67,119.6,2,4,3,243,9.0,Silver
29006344,3,30,29.9,2,3,2,232,7.0,Bronze
46454479,17,40,29.9,3,3,2,332,8.0,Bronze
39036460,13,50,119.6,3,3,3,333,9.0,Silver
72337056,11,12,119.6,3,1,3,313,7.0,Bronze
67137921,2,292,119.6,2,4,3,243,9.0,Silver
50331436,24,6,89.7,3,1,3,313,7.0,Bronze
31623942,3,26,59.8,2,2,2,222,6.0,Green
48574251,55,6,29.9,4,1,2,412,7.0,Bronze
66896685,0,380,23.9,1,4,1,141,6.0,Green
36297488,9,67,89.7,3,4,3,343,10.0,Gold
8040172,11,30,149.5,3,3,4,334,10.0,Gold
31949732,19,14,23.9,3,1,1,311,5.0,Green
21279283,2,37,23.9,2,3,1,231,6.0,Green
75153317,13,50,59.8,3,3,2,332,8.0,Bronze
25961771,164,23,59.8,4,2,2,422,8.0,Bronze
26804225,130,13,89.7,4,1,3,413,8.0,Bronze
93247536,3,39,89.7,2,3,3,233,8.0,Bronze
44573679,8,9,89.7,3,1,3,313,7.0,Bronze
20669257,6,75,89.7,2,4,3,243,9.0,Silver
36701045,61,22,149.5,4,2,4,424,10.0,Gold
68521221,10,20,59.8,3,2,2,322,7.0,Bronze
77746524,97,23,29.9,4,2,2,422,8.0,Bronze
85583028,0,125,89.7,1,4,3,143,8.0,Bronze
51596594,193,6,209.3,4,1,4,414,9.0,Silver
16219180,24,19,89.7,3,2,3,323,8.0,Bronze
47377640,7,146,149.5,2,4,4,244,10.0,Gold
59416662,17,29,29.9,3,3,2,332,8.0,Bronze
706515,0,29,59.8,1,3,2,132,6.0,Green
75035378,1,32,29.9,1,3,2,132,6.0,Green
58306357,44,10,59.8,4,1,2,412,7.0,Bronze
61143863,7,15,29.9,2,2,2,222,6.0,Green
60760380,6,8,179.4,2,1,4,214,7.0,Bronze
44031940,17,47,29.9,3,3,2,332,8.0,Bronze
91500782,93,27,29.9,4,2,2,422,8.0,Bronze
67809464,19,37,59.8,3,3,2,332,8.0,Bronze
1673881,1,13,119.6,1,1,3,113,5.0,Green
26464375,2,70,23.9,2,4,1,241,7.0,Bronze
54725023,0,81,149.5,1,4,4,144,9.0,Silver
16679520,113,7,119.6,4,1,3,413,8.0,Bronze
87843699,6,88,23.9,2,4,1,241,7.0,Bronze
14542834,3,115,23.9,2,4,1,241,7.0,Bronze
16068163,178,25,29.9,4,2,2,422,8.0,Bronze
65037700,2,20,89.7,2,2,3,223,7.0,Bronze
34030930,191,20,59.8,4,2,2,422,8.0,Bronze
51782233,20,33,29.9,3,3,2,332,8.0,Bronze
5592667,44,6,149.5,4,1,4,414,9.0,Silver
81247567,2,10,59.8,2,1,2,212,5.0,Green
52465303,2,22,209.3,2,2,4,224,8.0,Bronze
47588526,3,10,29.9,2,1,2,212,5.0,Green
10391405,88,68,149.5,4,4,4,444,12.0,Gold
69698863,46,80,119.6,4,4,3,443,11.0,Gold
19254954,74,17,89.7,4,2,3,423,9.0,Silver
84761894,14,15,29.9,3,2,2,322,7.0,Bronze
27952813,10,5,29.9,3,1,2,312,6.0,Green
88881939,34,10,29.9,4,1,2,412,7.0,Bronze
64877268,0,8,29.9,1,1,2,112,4.0,Green
38317581,0,158,209.3,1,4,4,144,9.0,Silver
42697007,167,11,23.9,4,1,1,411,6.0,Green
66472693,13,49,149.5,3,3,4,334,10.0,Gold
55037122,2,64,23.9,2,4,1,241,7.0,Bronze
62924386,3,67,29.9,2,4,2,242,8.0,Bronze
23215695,23,2,23.9,3,1,1,311,5.0,Green
57934891,21,21,59.8,3,2,2,322,7.0,Bronze
37642961,3,53,59.8,2,4,2,242,8.0,Bronze
98318468,7,53,29.9,2,4,2,242,8.0,Bronze
42045948,0,11,29.9,1,1,2,112,4.0,Green
54334201,11,38,179.4,3,3,4,334,10.0,Gold
64751449,0,7,29.9,1,1,2,112,4.0,Green
90601709,183,16,29.9,4,2,2,422,8.0,Bronze
92162564,1,62,209.3,1,4,4,144,9.0,Silver
60529246,54,30,149.5,4,3,4,434,11.0,Gold
83579043,1,49,209.3,1,3,4,134,8.0,Bronze
67918870,14,21,23.9,3,2,1,321,6.0,Green
86410907,92,6,119.6,4,1,3,413,8.0,Bronze
23225373,177,7,59.8,4,1,2,412,7.0,Bronze
25609896,2,73,29.9,2,4,2,242,8.0,Bronze
15833070,14,19,89.7,3,2,3,323,8.0,Bronze
95658099,171,13,29.9,4,1,2,412,7.0,Bronze
26498046,51,15,29.9,4,2,2,422,8.0,Bronze
8018332,1,24,29.9,1,2,2,122,5.0,Green
49895399,80,26,29.9,4,2,2,422,8.0,Bronze
77555928,15,14,209.3,3,1,4,314,8.0,Bronze
90454888,9,65,209.3,3,4,4,344,11.0,Gold
2912032,10,18,119.6,3,2,3,323,8.0,Bronze
65574805,2,8,29.9,2,1,2,212,5.0,Green
41401487,3,42,119.6,2,3,3,233,8.0,Bronze
63491761,73,4,179.4,4,1,4,414,9.0,Silver
62904217,2,57,119.6,2,4,3,243,9.0,Silver
67754525,21,16,23.9,3,2,1,321,6.0,Green
71816966,82,59,209.3,4,4,4,444,12.0,Gold
3368988,2,33,23.9,2,3,1,231,6.0,Green
22318070,21,4,89.7,3,1,3,313,7.0,Bronze
36521255,9,123,209.3,3,4,4,344,11.0,Gold
71556769,51,26,59.8,4,2,2,422,8.0,Bronze
70389942,191,5,29.9,4,1,2,412,7.0,Bronze
2822297,6,14,29.9,2,1,2,212,5.0,Green
25916954,12,97,209.3,3,4,4,344,11.0,Gold
83131510,38,35,29.9,4,3,2,432,9.0,Silver
37711574,14,11,59.8,3,1,2,312,6.0,Green
71707228,44,8,89.7,4,1,3,413,8.0,Bronze
48107729,3,19,23.9,2,2,1,221,5.0,Green
22930380,2,20,59.8,2,2,2,222,6.0,Green
66248569,23,27,23.9,3,2,1,321,6.0,Green
35251239,1,77,209.3,1,4,4,144,9.0,Silver
2422773,4,51,23.9,2,4,1,241,7.0,Bronze
19170031,3,84,23.9,2,4,1,241,7.0,Bronze
93280134,51,8,149.5,4,1,4,414,9.0,Silver
44425187,126,14,89.7,4,1,3,413,8.0,Bronze
72371732,4,60,209.3,2,4,4,244,10.0,Gold
79921905,2,44,59.8,2,3,2,232,7.0,Bronze
36076799,22,14,29.9,3,1,2,312,6.0,Green
30776379,167,8,29.9,4,1,2,412,7.0,Bronze
56512782,1,25,89.7,1,2,3,123,6.0,Green
36305735,74,39,59.8,4,3,2,432,9.0,Silver
3039122,49,8,59.8,4,1,2,412,7.0,Bronze
81792761,0,6,149.5,1,1,4,114,6.0,Green
18001080,21,21,209.3,3,2,4,324,9.0,Silver
39714744,193,9,209.3,4,1,4,414,9.0,Silver
61771473,0,234,209.3,1,4,4,144,9.0,Silver
87272863,6,45,209.3,2,3,4,234,9.0,Silver
90811704,8,51,209.3,3,4,4,344,11.0,Gold
41649281,2,76,23.9,2,4,1,241,7.0,Bronze
21740470,1,22,23.9,1,2,1,121,4.0,Green
796067,3,21,59.8,2,2,2,222,6.0,Green
56599889,44,8,119.6,4,1,3,413,8.0,Bronze
6379140,202,4,59.8,4,1,2,412,7.0,Bronze
40001539,17,7,179.4,3,1,4,314,8.0,Bronze
14497464,24,15,29.9,3,2,2,322,7.0,Bronze
75530371,1,40,59.8,1,3,2,132,6.0,Green
43358119,16,67,59.8,3,4,2,342,9.0,Silver
78058297,172,9,29.9,4,1,2,412,7.0,Bronze
21677084,67,5,149.5,4,1,4,414,9.0,Silver
40225228,24,20,149.5,3,2,4,324,9.0,Silver
16523173,35,16,29.9,4,2,2,422,8.0,Bronze
71187802,3,37,89.7,2,3,3,233,8.0,Bronze
59017545,6,108,209.3,2,4,4,244,10.0,Gold
65026439,38,9,59.8,4,1,2,412,7.0,Bronze
15537848,4,14,29.9,2,1,2,212,5.0,Green
18894165,27,38,59.8,3,3,2,332,8.0,Bronze
61259160,1,21,89.7,1,2,3,123,6.0,Green
53716478,7,56,59.8,2,4,2,242,8.0,Bronze
11637150,2,33,119.6,2,3,3,233,8.0,Bronze
31798306,83,6,119.6,4,1,3,413,8.0,Bronze
34688192,173,21,59.8,4,2,2,422,8.0,Bronze
94899950,8,37,119.6,3,3,3,333,9.0,Silver
26673938,0,31,29.9,1,3,2,132,6.0,Green
61736059,25,114,29.9,3,4,2,342,9.0,Silver
63323074,26,31,59.8,3,3,2,332,8.0,Bronze
51808745,14,24,29.9,3,2,2,322,7.0,Bronze
32256075,6,252,149.5,2,4,4,244,10.0,Gold
86896459,7,53,59.8,2,4,2,242,8.0,Bronze
95589466,15,22,119.6,3,2,3,323,8.0,Bronze
34215392,15,15,59.8,3,2,2,322,7.0,Bronze
1341098,9,49,89.7,3,3,3,333,9.0,Silver
44126507,2,18,29.9,2,2,2,222,6.0,Green
17208584,0,54,209.3,1,4,4,144,9.0,Silver
20005329,6,74,29.9,2,4,2,242,8.0,Bronze
48459573,56,13,179.4,4,1,4,414,9.0,Silver
42591981,11,29,59.8,3,3,2,332,8.0,Bronze
29273769,6,26,23.9,2,2,1,221,5.0,Green
46539543,191,1,209.3,4,1,4,414,9.0,Silver
99036374,5,12,89.7,2,1,3,213,6.0,Green
97838701,22,55,29.9,3,4,2,342,9.0,Silver
31799010,147,35,29.9,4,3,2,432,9.0,Silver
23799618,40,29,59.8,4,3,2,432,9.0,Silver
92010691,1,15,23.9,1,2,1,121,4.0,Green
63290130,6,21,53.8,2,2,2,222,6.0,Green
67560047,56,15,29.9,4,2,2,422,8.0,Bronze
83675293,16,24,23.9,3,2,1,321,6.0,Green
34007535,196,2,209.3,4,1,4,414,9.0,Silver
5135960,5,28,59.8,2,3,2,232,7.0,Bronze
84807825,26,4,89.7,3,1,3,313,7.0,Bronze
99715024,6,13,29.9,2,1,2,212,5.0,Green
65322660,0,23,119.6,1,2,3,123,6.0,Green
62411712,171,3,209.3,4,1,4,414,9.0,Silver
90011832,0,78,179.4,1,4,4,144,9.0,Silver
99076059,35,8,29.9,4,1,2,412,7.0,Bronze
98723877,34,9,59.8,4,1,3,413,8.0,Bronze
38351086,2,16,29.9,2,2,2,222,6.0,Green
66465039,177,9,29.9,4,1,2,412,7.0,Bronze
66031389,2,31,89.7,2,3,3,233,8.0,Bronze
91354219,3,13,29.9,2,1,2,212,5.0,Green
78735138,0,84,119.6,1,4,3,143,8.0,Bronze
14377573,82,136,89.7,4,4,3,443,11.0,Gold
63842005,6,68,149.5,2,4,4,244,10.0,Gold
46248635,0,74,119.6,1,4,3,143,8.0,Bronze
6934015,153,8,59.8,4,1,3,413,8.0,Bronze
7805729,9,49,59.8,3,3,3,333,9.0,Silver
20712343,0,39,59.8,1,3,3,133,7.0,Bronze
5947571,0,161,23.9,1,4,1,141,6.0,Green
93712227,2,15,29.9,2,2,2,222,6.0,Green
51976087,4,26,89.7,2,2,3,223,7.0,Bronze
45271259,12,15,59.8,3,2,3,323,8.0,Bronze
90291210,5,328,209.3,2,4,4,244,10.0,Gold
81303711,0,52,209.3,1,4,4,144,9.0,Silver
52264210,4,30,29.9,2,3,2,232,7.0,Bronze
90234585,1,12,29.9,1,1,2,112,4.0,Green
94144775,32,12,209.3,4,1,4,414,9.0,Silver
83787604,5,25,59.8,2,2,3,223,7.0,Bronze
87526997,9,22,179.4,3,2,4,324,9.0,Silver
60975299,2,27,59.8,2,2,3,223,7.0,Bronze
39225923,5,10,59.8,2,1,3,213,6.0,Green
83128619,203,2,209.3,4,1,4,414,9.0,Silver
30960824,1,36,149.5,1,3,4,134,8.0,Bronze
85198438,3,28,209.3,2,3,4,234,9.0,Silver
28277982,0,51,23.9,1,4,1,141,6.0,Green
6620107,68,6,149.5,4,1,4,414,9.0,Silver
44305333,0,34,209.3,1,3,4,134,8.0,Bronze
6033459,23,55,29.9,3,4,2,342,9.0,Silver
2498628,9,9,59.8,3,1,3,313,7.0,Bronze
7930346,2,50,119.6,2,3,3,233,8.0,Bronze
55583564,178,35,29.9,4,3,2,432,9.0,Silver
5985381,10,9,209.3,3,1,4,314,8.0,Bronze
59698236,55,12,209.3,4,1,4,414,9.0,Silver
95069436,3,12,23.9,2,1,1,211,4.0,Green
60994549,6,25,29.9,2,2,2,222,6.0,Green
47977553,23,11,89.7,3,1,3,313,7.0,Bronze
58855161,4,41,29.9,2,3,2,232,7.0,Bronze
34559330,0,95,209.3,1,4,4,144,9.0,Silver
77091481,13,35,149.5,3,3,4,334,10.0,Gold
11574471,0,124,89.7,1,4,3,143,8.0,Bronze
20229685,0,14,59.8,1,1,3,113,5.0,Green
11041279,1,23,149.5,1,2,4,124,7.0,Bronze
40457330,96,15,209.3,4,2,4,424,10.0,Gold
96234159,15,6,59.8,3,1,3,313,7.0,Bronze
85620461,2,54,119.6,2,4,3,243,9.0,Silver
28948394,190,13,89.7,4,1,3,413,8.0,Bronze
15297468,1,68,89.7,1,4,3,143,8.0,Bronze
29842942,66,4,89.7,4,1,3,413,8.0,Bronze
16245449,16,8,29.9,3,1,2,312,6.0,Green
46987889,16,35,89.7,3,3,3,333,9.0,Silver
91671977,177,9,29.9,4,1,2,412,7.0,Bronze
89173059,0,66,29.9,1,4,2,142,7.0,Bronze
69031030,75,9,29.9,4,1,2,412,7.0,Bronze
39139328,5,37,209.3,2,3,4,234,9.0,Silver
40633099,22,51,179.4,3,4,4,344,11.0,Gold
13133036,4,33,59.8,2,3,3,233,8.0,Bronze
93962852,16,8,29.9,3,1,2,312,6.0,Green
41079255,176,17,29.9,4,2,2,422,8.0,Bronze
27436630,26,19,23.9,3,2,1,321,6.0,Green
55499574,13,23,59.8,3,2,3,323,8.0,Bronze
53266764,2,25,209.3,2,2,4,224,8.0,Bronze
51286339,3,40,209.3,2,3,4,234,9.0,Silver
13536241,5,28,59.8,2,3,3,233,8.0,Bronze
27945202,24,25,209.3,3,2,4,324,9.0,Silver
65900615,8,23,29.9,3,2,2,322,7.0,Bronze
48759306,183,17,23.9,4,2,1,421,7.0,Bronze
77092932,23,16,59.8,3,2,3,323,8.0,Bronze
8048196,9,105,59.8,3,4,3,343,10.0,Gold
95433428,3,16,89.7,2,2,3,223,7.0,Bronze
88703027,8,24,179.4,3,2,4,324,9.0,Silver
67640127,14,83,59.8,3,4,3,343,10.0,Gold
97766613,125,5,89.7,4,1,3,413,8.0,Bronze
92832913,100,10,89.7,4,1,3,413,8.0,Bronze
45935743,174,3,59.8,4,1,3,413,8.0,Bronze
47365598,12,41,119.6,3,3,3,333,9.0,Silver
12970655,0,32,23.9,1,3,1,131,5.0,Green
73619103,211,2,29.9,4,1,2,412,7.0,Bronze
42442263,3,10,29.9,2,1,2,212,5.0,Green
1953637,23,468,29.9,3,4,2,342,9.0,Silver
20933688,13,6,29.9,3,1,2,312,6.0,Green
51696059,40,14,119.6,4,1,3,413,8.0,Bronze
76962639,19,17,209.3,3,2,4,324,9.0,Silver
77771136,7,152,89.7,2,4,3,243,9.0,Silver
97921223,37,33,29.9,4,3,2,432,9.0,Silver
74862627,0,56,149.5,1,4,4,144,9.0,Silver
74690940,14,19,209.3,3,2,4,324,9.0,Silver
56130602,2,112,89.7,2,4,3,243,9.0,Silver
72388784,27,12,29.9,3,1,2,312,6.0,Green
34873499,0,15,209.3,1,2,4,124,7.0,Bronze
18601929,9,15,23.9,3,2,1,321,6.0,Green
30741031,44,49,59.8,4,3,3,433,10.0,Gold
55568711,1,25,59.8,1,2,3,123,6.0,Green
13865996,0,24,29.9,1,2,2,122,5.0,Green
30785585,3,21,209.3,2,2,4,224,8.0,Bronze
71874164,3,39,119.6,2,3,3,233,8.0,Bronze
72157495,1,43,29.9,1,3,2,132,6.0,Green
60194162,130,5,89.7,4,1,3,413,8.0,Bronze
29719728,101,13,179.4,4,1,4,414,9.0,Silver
71999688,0,28,89.7,1,3,3,133,7.0,Bronze
98583706,30,26,149.5,3,2,4,324,9.0,Silver
56548102,0,45,29.9,1,3,2,132,6.0,Green
73128562,5,27,209.3,2,2,4,224,8.0,Bronze
77682738,1,25,23.9,1,2,1,121,4.0,Green
93752923,3,28,23.9,2,3,1,231,6.0,Green
48476642,9,28,209.3,3,3,4,334,10.0,Gold
39151325,1,47,209.3,1,3,4,134,8.0,Bronze
816388,0,70,119.6,1,4,3,143,8.0,Bronze
62838192,4,176,209.3,2,4,4,244,10.0,Gold
91115422,16,16,209.3,3,2,4,324,9.0,Silver
78985669,2,116,89.7,2,4,3,243,9.0,Silver
10709710,15,146,119.6,3,4,3,343,10.0,Gold
23210941,3,237,89.7,2,4,3,243,9.0,Silver
58788904,174,6,209.3,4,1,4,414,9.0,Silver
42441316,163,56,59.8,4,4,3,443,11.0,Gold
81791708,92,10,119.6,4,1,3,413,8.0,Bronze
62395242,42,29,89.7,4,3,3,433,10.0,Gold
88538319,2,74,119.6,2,4,3,243,9.0,Silver
71246537,29,99,29.9,3,4,2,342,9.0,Silver
80998053,115,6,89.7,4,1,3,413,8.0,Bronze
7083358,1,52,29.9,1,4,2,142,7.0,Bronze
440239,25,6,179.4,3,1,4,314,8.0,Bronze
89845332,13,4,29.9,3,1,2,312,6.0,Green
4386845,6,33,59.8,2,3,3,233,8.0,Bronze
13778946,180,146,179.4,4,4,4,444,12.0,Gold
98333854,2,26,29.9,2,2,2,222,6.0,Green
78107921,127,16,29.9,4,2,2,422,8.0,Bronze
55032548,2,26,209.3,2,2,4,224,8.0,Bronze
2833106,11,7,59.8,3,1,3,313,7.0,Bronze
76632779,0,41,89.7,1,3,3,133,7.0,Bronze
5712355,51,5,209.3,4,1,4,414,9.0,Silver
22685203,3,40,53.8,2,3,2,232,7.0,Bronze
34451121,2,22,209.3,2,2,4,224,8.0,Bronze
48376193,36,42,89.7,4,3,3,433,10.0,Gold
65279337,37,7,59.8,4,1,3,413,8.0,Bronze
16062971,6,43,209.3,2,3,4,234,9.0,Silver
92272099,159,24,59.8,4,2,3,423,9.0,Silver
91341158,1,29,209.3,1,3,4,134,8.0,Bronze
33913936,9,55,149.5,3,4,4,344,11.0,Gold
6060916,12,75,29.9,3,4,2,342,9.0,Silver
26672656,0,17,29.9,1,2,2,122,5.0,Green
57134378,0,38,23.9,1,3,1,131,5.0,Green
43604296,1,57,179.4,1,4,4,144,9.0,Silver
83753922,39,18,29.9,4,2,2,422,8.0,Bronze
79873639,34,18,29.9,4,2,2,422,8.0,Bronze
41962087,2,118,209.3,2,4,4,244,10.0,Gold
95504775,1,39,119.6,1,3,3,133,7.0,Bronze
69296374,10,50,23.9,3,3,1,331,7.0,Bronze
47420821,37,22,59.8,4,2,3,423,9.0,Silver
9508562,1,33,149.5,1,3,4,134,8.0,Bronze
80240983,0,30,29.9,1,3,2,132,6.0,Green
42324319,0,29,23.9,1,3,1,131,5.0,Green
5751024,7,18,29.9,2,2,2,222,6.0,Green
7114951,23,22,149.5,3,2,4,324,9.0,Silver
4070756,10,11,29.9,3,1,2,312,6.0,Green
19799456,172,15,23.9,4,2,1,421,7.0,Bronze
84403876,23,32,209.3,3,3,4,334,10.0,Gold
97973059,1,48,119.6,1,3,3,133,7.0,Bronze
20626991,6,49,59.8,2,3,3,233,8.0,Bronze
64057339,1,46,23.9,1,3,1,131,5.0,Green
77387327,15,133,29.9,3,4,2,342,9.0,Silver
75420808,5,27,83.7,2,2,3,223,7.0,Bronze
9061848,16,87,119.6,3,4,3,343,10.0,Gold
3219142,24,17,59.8,3,2,3,323,8.0,Bronze
65933001,12,22,89.7,3,2,3,323,8.0,Bronze
5820467,1,30,23.9,1,3,1,131,5.0,Green
51087568,0,103,23.9,1,4,1,141,6.0,Green
95513245,153,73,59.8,4,4,3,443,11.0,Gold
90960924,1,46,29.9,1,3,2,132,6.0,Green
7882778,148,16,29.9,4,2,2,422,8.0,Bronze
66344659,1,7,29.9,1,1,2,112,4.0,Green
55846014,17,13,23.9,3,1,1,311,5.0,Green
41609496,28,24,89.7,3,2,3,323,8.0,Bronze
32183930,54,6,209.3,4,1,4,414,9.0,Silver
2344425,2,5,23.9,2,1,1,211,4.0,Green
1925053,3,13,83.7,2,1,3,213,6.0,Green
78292921,1,13,29.9,1,1,2,112,4.0,Green
17918218,0,62,59.8,1,4,3,143,8.0,Bronze
17846067,2,168,23.9,2,4,1,241,7.0,Bronze
90133415,9,33,23.9,3,3,1,331,7.0,Bronze
27891872,127,22,209.3,4,2,4,424,10.0,Gold
64419468,1,25,89.7,1,2,3,123,6.0,Green
30227862,178,11,89.7,4,1,3,413,8.0,Bronze
44265245,0,16,29.9,1,2,2,122,5.0,Green
58723397,1,97,89.7,1,4,3,143,8.0,Bronze
86112265,94,58,89.7,4,4,3,443,11.0,Gold
27620351,31,15,23.9,3,2,1,321,6.0,Green
11787452,3,52,89.7,2,4,3,243,9.0,Silver
2496782,8,54,119.6,3,4,3,343,10.0,Gold
34069711,0,30,29.9,1,3,2,132,6.0,Green
65066488,38,16,59.8,4,2,3,423,9.0,Silver
15122793,91,11,119.6,4,1,3,413,8.0,Bronze
75130607,1,63,209.3,1,4,4,144,9.0,Silver
43583778,24,18,59.8,3,2,3,323,8.0,Bronze
40274995,0,17,29.9,1,2,2,122,5.0,Green
52820545,1,26,209.3,1,2,4,124,7.0,Bronze
63763371,3,44,59.8,2,3,3,233,8.0,Bronze
66553529,186,14,29.9,4,1,2,412,7.0,Bronze
32219768,6,21,209.3,2,2,4,224,8.0,Bronze
31982754,172,31,59.8,4,3,3,433,10.0,Gold
25701947,3,20,209.3,2,2,4,224,8.0,Bronze
6352299,0,171,119.6,1,4,3,143,8.0,Bronze
53044721,8,25,89.7,3,2,3,323,8.0,Bronze
60172748,4,33,209.3,2,3,4,234,9.0,Silver
38333199,10,9,59.8,3,1,3,313,7.0,Bronze
41126374,8,25,209.3,3,2,4,324,9.0,Silver
8320905,9,15,179.4,3,2,4,324,9.0,Silver
16850718,3,63,89.7,2,4,3,243,9.0,Silver
40203342,0,28,143.5,1,3,3,133,7.0,Bronze
10996957,3,33,209.3,2,3,4,234,9.0,Silver
90971601,6,14,29.9,2,1,2,212,5.0,Green
99946491,34,15,59.8,4,2,3,423,9.0,Silver
33830759,7,8,29.9,2,1,2,212,5.0,Green
94238701,36,49,209.3,4,3,4,434,11.0,Gold
70076375,1,8,29.9,1,1,2,112,4.0,Green
21261276,15,19,89.7,3,2,3,323,8.0,Bronze
98867295,9,7,89.7,3,1,3,313,7.0,Bronze
74839985,184,12,209.3,4,1,4,414,9.0,Silver
3658471,40,9,59.8,4,1,3,413,8.0,Bronze
2026564,8,37,29.9,3,3,2,332,8.0,Bronze
52977545,13,15,59.8,3,2,3,323,8.0,Bronze
5584913,14,29,209.3,3,3,4,334,10.0,Gold
56741415,8,24,29.9,3,2,2,322,7.0,Bronze
49637192,12,28,29.9,3,3,2,332,8.0,Bronze
54038221,191,12,29.9,4,1,2,412,7.0,Bronze
33322110,15,32,59.8,3,3,3,333,9.0,Silver
42554343,0,92,209.3,1,4,4,144,9.0,Silver
50065226,167,8,89.7,4,1,3,413,8.0,Bronze
78981862,0,14,119.6,1,1,3,113,5.0,Green
77133462,198,6,209.3,4,1,4,414,9.0,Silver
92018457,0,153,23.9,1,4,1,141,6.0,Green
17539321,11,36,59.8,3,3,3,333,9.0,Silver
11959823,0,50,209.3,1,3,4,134,8.0,Bronze
35787391,43,39,59.8,4,3,3,433,10.0,Gold
25268626,190,12,149.5,4,1,4,414,9.0,Silver
94477544,23,42,209.3,3,3,4,334,10.0,Gold
64918482,3,48,23.9,2,3,1,231,6.0,Green
24193469,129,6,59.8,4,1,3,413,8.0,Bronze
16379936,3,23,23.9,2,2,1,221,5.0,Green
43814566,121,5,89.7,4,1,3,413,8.0,Bronze
48648707,6,29,89.7,2,3,3,233,8.0,Bronze
48538016,13,13,23.9,3,1,1,311,5.0,Green
99506973,22,14,179.4,3,2,4,324,9.0,Silver
75217113,28,11,209.3,3,1,4,314,8.0,Bronze
97771680,1,31,59.8,1,3,3,133,7.0,Bronze
9344137,52,13,149.5,4,1,4,414,9.0,Silver
21629227,3,17,149.5,2,2,4,224,8.0,Bronze
96768293,14,62,29.9,3,4,2,342,9.0,Silver
43423429,8,39,179.4,3,3,4,334,10.0,Gold
67163220,34,17,89.7,4,2,3,423,9.0,Silver
2085276,163,179,59.8,4,4,3,443,11.0,Gold
42846831,2,44,59.8,2,3,3,233,8.0,Bronze
80513062,7,42,209.3,2,3,4,234,9.0,Silver
61007920,158,92,29.9,4,4,2,442,10.0,Gold
79772620,11,45,59.8,3,3,3,333,9.0,Silver
7074221,0,12,29.9,1,1,2,112,4.0,Green
78672697,2,21,149.5,2,2,4,224,8.0,Bronze
47299364,7,8,209.3,2,1,4,214,7.0,Bronze
79086138,11,51,59.8,3,4,3,343,10.0,Gold
22172154,2,49,59.8,2,3,3,233,8.0,Bronze
77903556,78,21,149.5,4,2,4,424,10.0,Gold
11399587,185,14,29.9,4,2,2,422,8.0,Bronze
13931503,10,19,209.3,3,2,4,324,9.0,Silver
93486629,193,6,179.4,4,1,4,414,9.0,Silver
57403108,8,30,89.7,3,3,3,333,9.0,Silver
20023394,1,56,23.9,1,4,1,141,6.0,Green
33256179,2,16,29.9,2,2,2,222,6.0,Green
42331269,7,162,179.4,2,4,4,244,10.0,Gold
19244249,206,2,209.3,4,1,4,414,9.0,Silver
73414916,11,35,179.4,3,3,4,334,10.0,Gold
75424037,3,30,209.3,2,3,4,234,9.0,Silver
90100219,3,17,23.9,2,2,1,221,5.0,Green
90027570,148,4,59.8,4,1,3,413,8.0,Bronze
70918683,41,29,29.9,4,3,2,432,9.0,Silver
92855006,38,21,209.3,4,2,4,424,10.0,Gold
49659124,20,84,29.9,3,4,2,342,9.0,Silver
60729661,0,35,23.9,1,3,1,131,5.0,Green
45491903,14,252,29.9,3,4,2,342,9.0,Silver
96114712,3,219,23.9,2,4,1,241,7.0,Bronze
69964436,191,2,29.9,4,1,2,412,7.0,Bronze
93866242,4,13,149.5,2,1,4,214,7.0,Bronze
85380940,39,7,209.3,4,1,4,414,9.0,Silver
1494486,58,18,29.9,4,2,2,422,8.0,Bronze
21413301,2,26,23.9,2,2,1,221,5.0,Green
87225327,174,5,29.9,4,1,2,412,7.0,Bronze
22630104,72,12,209.3,4,1,4,414,9.0,Silver
56832447,3,10,23.9,2,1,1,211,4.0,Green
63240862,30,63,89.7,3,4,3,343,10.0,Gold
38708690,0,268,23.9,1,4,1,141,6.0,Green
19904308,8,18,209.3,3,2,4,324,9.0,Silver
66935438,10,40,209.3,3,3,4,334,10.0,Gold
43100310,86,12,119.6,4,1,3,413,8.0,Bronze
96396664,0,109,209.3,1,4,4,144,9.0,Silver
17062846,9,10,209.3,3,1,4,314,8.0,Bronze
64080053,176,7,23.9,4,1,1,411,6.0,Green
31204694,0,37,59.8,1,3,3,133,7.0,Bronze
596343,177,9,209.3,4,1,4,414,9.0,Silver
67914780,8,40,209.3,3,3,4,334,10.0,Gold
16148782,0,11,29.9,1,1,2,112,4.0,Green
91636655,42,29,29.9,4,3,2,432,9.0,Silver
30381370,1,60,59.8,1,4,3,143,8.0,Bronze
258634,55,22,119.6,4,2,3,423,9.0,Silver
98300375,8,8,209.3,3,1,4,314,8.0,Bronze
25435101,9,15,89.7,3,2,3,323,8.0,Bronze
87131281,14,59,119.6,3,4,3,343,10.0,Gold
98145966,14,23,29.9,3,2,2,322,7.0,Bronze
46712247,22,16,89.7,3,2,3,323,8.0,Bronze
24671330,3,15,59.8,2,2,3,223,7.0,Bronze
48058149,30,34,149.5,3,3,4,334,10.0,Gold
50121336,0,49,59.8,1,3,3,133,7.0,Bronze
56614726,2,19,59.8,2,2,3,223,7.0,Bronze
88138704,36,38,23.9,4,3,1,431,8.0,Bronze
34322082,202,6,29.9,4,1,2,412,7.0,Bronze
68658597,115,138,209.3,4,4,4,444,12.0,Gold
44330409,38,7,209.3,4,1,4,414,9.0,Silver
67421491,168,24,179.4,4,2,4,424,10.0,Gold
59442889,23,33,59.8,3,3,3,333,9.0,Silver
46658699,65,7,89.7,4,1,3,413,8.0,Bronze
83597017,9,20,209.3,3,2,4,324,9.0,Silver
47413230,1,75,209.3,1,4,4,144,9.0,Silver
81616140,23,67,59.8,3,4,3,343,10.0,Gold
63639324,1,76,119.6,1,4,3,143,8.0,Bronze
65959021,12,12,209.3,3,1,4,314,8.0,Bronze
3533866,1,40,23.9,1,3,1,131,5.0,Green
26080816,19,106,209.3,3,4,4,344,11.0,Gold
61810884,3,38,29.9,2,3,2,232,7.0,Bronze
52757211,1,34,119.6,1,3,3,133,7.0,Bronze
64654819,2,52,59.8,2,4,3,243,9.0,Silver
18018490,2,12,209.3,2,1,4,214,7.0,Bronze
22109335,1,56,209.3,1,4,4,144,9.0,Silver
24944903,42,147,89.7,4,4,3,443,11.0,Gold
86914874,1,36,209.3,1,3,4,134,8.0,Bronze
57805718,56,3,89.7,4,1,3,413,8.0,Bronze
28550574,0,10,119.6,1,1,3,113,5.0,Green
59957618,17,48,59.8,3,3,3,333,9.0,Silver
20600356,0,14,23.9,1,2,1,121,4.0,Green
16709894,115,3,89.7,4,1,3,413,8.0,Bronze
36186569,7,62,89.7,2,4,3,243,9.0,Silver
13382382,32,20,89.7,4,2,3,423,9.0,Silver
48522662,1,9,29.9,1,1,2,112,4.0,Green
26352016,1,32,29.9,1,3,2,132,6.0,Green
87480005,5,50,59.8,2,3,3,233,8.0,Bronze
49937807,0,47,89.7,1,3,3,133,7.0,Bronze
28553906,30,31,149.5,3,3,4,334,10.0,Gold
14823856,95,8,29.9,4,1,2,412,7.0,Bronze
89689383,3,19,59.8,2,2,3,223,7.0,Bronze
73884061,34,21,29.9,4,2,2,422,8.0,Bronze
99534653,193,2,29.9,4,1,2,412,7.0,Bronze
311572,0,25,29.9,1,2,2,122,5.0,Green
49260757,2,64,239.2,2,4,4,244,10.0,Gold
18149493,0,18,29.9,1,2,2,122,5.0,Green
34313947,26,22,209.3,3,2,4,324,9.0,Silver
67313353,177,44,29.9,4,3,2,432,9.0,Silver
51207900,188,7,209.3,4,1,4,414,9.0,Silver
70417634,87,18,119.6,4,2,3,423,9.0,Silver
51556186,1,29,23.9,1,3,1,131,5.0,Green
18880692,24,26,29.9,3,2,2,322,7.0,Bronze
41867990,4,23,23.9,2,2,1,221,5.0,Green
97452302,177,7,29.9,4,1,2,412,7.0,Bronze
45490518,183,6,29.9,4,1,2,412,7.0,Bronze
37135512,4,117,23.9,2,4,1,241,7.0,Bronze
34383539,10,37,29.9,3,3,2,332,8.0,Bronze
53335661,16,33,209.3,3,3,4,334,10.0,Gold
10809301,0,119,29.9,1,4,2,142,7.0,Bronze
589459,50,36,59.8,4,3,3,433,10.0,Gold
59462156,6,37,29.9,2,3,2,232,7.0,Bronze
61247794,1,37,209.3,1,3,4,134,8.0,Bronze
78722006,0,16,29.9,1,2,2,122,5.0,Green
19167985,1,112,209.3,1,4,4,144,9.0,Silver
4667360,6,22,23.9,2,2,1,221,5.0,Green
99023900,13,13,29.9,3,1,2,312,6.0,Green
52909502,10,203,59.8,3,4,3,343,10.0,Gold
98856670,152,11,59.8,4,1,3,413,8.0,Bronze
10550518,37,19,149.5,4,2,4,424,10.0,Gold
30411646,4,29,89.7,2,3,3,233,8.0,Bronze
92566723,1,15,59.8,1,2,3,123,6.0,Green
9170501,9,128,89.7,3,4,3,343,10.0,Gold
51676678,10,17,29.9,3,2,2,322,7.0,Bronze
15540574,0,78,29.9,1,4,2,142,7.0,Bronze
6546116,1,27,209.3,1,2,4,124,7.0,Bronze
12135369,1,89,23.9,1,4,1,141,6.0,Green
89622290,23,60,209.3,3,4,4,344,11.0,Gold
71293868,9,17,29.9,3,2,2,322,7.0,Bronze
19951421,98,93,29.9,4,4,2,442,10.0,Gold
64859138,28,39,29.9,3,3,2,332,8.0,Bronze
46156519,16,4,209.3,3,1,4,314,8.0,Bronze
55012889,3,15,59.8,2,2,3,223,7.0,Bronze
96523239,16,50,89.7,3,3,3,333,9.0,Silver
76103094,0,54,209.3,1,4,4,144,9.0,Silver
95375407,116,4,89.7,4,1,3,413,8.0,Bronze
88760108,23,30,209.3,3,3,4,334,10.0,Gold
72202058,2,34,209.3,2,3,4,234,9.0,Silver
8442282,2,31,149.5,2,3,4,234,9.0,Silver
66902471,0,59,179.4,1,4,4,144,9.0,Silver
81215511,37,53,29.9,4,4,2,442,10.0,Gold
36391532,0,69,59.8,1,4,3,143,8.0,Bronze
21667112,14,12,59.8,3,1,3,313,7.0,Bronze
85622385,77,57,119.6,4,4,3,443,11.0,Gold
45419300,3,29,209.3,2,3,4,234,9.0,Silver
47581465,4,32,59.8,2,3,3,233,8.0,Bronze
20210221,0,31,29.9,1,3,2,132,6.0,Green
99702954,10,15,209.3,3,2,4,324,9.0,Silver
70257955,77,5,29.9,4,1,2,412,7.0,Bronze
55912472,16,21,59.8,3,2,3,323,8.0,Bronze
94037162,31,23,29.9,4,2,2,422,8.0,Bronze
58018232,118,16,89.7,4,2,3,423,9.0,Silver
71453049,206,6,209.3,4,1,4,414,9.0,Silver
6210820,176,10,119.6,4,1,3,413,8.0,Bronze
34734032,8,6,29.9,3,1,2,312,6.0,Green
11592233,35,25,59.8,4,2,3,423,9.0,Silver
84678082,62,18,89.7,4,2,3,423,9.0,Silver
11705592,6,33,29.9,2,3,2,232,7.0,Bronze
43658514,29,12,59.8,3,1,3,313,7.0,Bronze
76271031,17,28,29.9,3,3,2,332,8.0,Bronze
79285365,20,22,23.9,3,2,1,321,6.0,Green
41050425,2,764,29.9,2,4,2,242,8.0,Bronze
44361435,190,28,119.6,4,3,3,433,10.0,Gold
26179708,2,38,29.9,2,3,2,232,7.0,Bronze
46319109,0,36,89.7,1,3,3,133,7.0,Bronze
40272631,11,48,29.9,3,3,2,332,8.0,Bronze
16257000,35,21,149.5,4,2,4,424,10.0,Gold
81458390,3,45,29.9,2,3,2,232,7.0,Bronze
1150803,1,27,23.9,1,2,1,121,4.0,Green
38127578,1,26,89.7,1,2,3,123,6.0,Green
70714562,14,93,29.9,3,4,2,342,9.0,Silver
38450872,3,27,59.8,2,2,3,223,7.0,Bronze
57724370,113,8,89.7,4,1,3,413,8.0,Bronze
75156172,4,47,89.7,2,3,3,233,8.0,Bronze
70110344,9,59,59.8,3,4,3,343,10.0,Gold
88938682,30,14,209.3,3,2,4,324,9.0,Silver
8956304,2,30,59.8,2,3,3,233,8.0,Bronze
33436843,3,34,209.3,2,3,4,234,9.0,Silver
5748113,6,37,29.9,2,3,2,232,7.0,Bronze
3069190,79,25,29.9,4,2,2,422,8.0,Bronze
39943426,3,27,89.7,2,2,3,223,7.0,Bronze
68132607,2,16,209.3,2,2,4,224,8.0,Bronze
74023531,8,35,29.9,3,3,2,332,8.0,Bronze
73339614,87,21,89.7,4,2,3,423,9.0,Silver
17902280,186,2,29.9,4,1,2,412,7.0,Bronze
40784117,10,40,29.9,3,3,2,332,8.0,Bronze
39697985,0,13,29.9,1,1,2,112,4.0,Green
4701529,21,38,59.8,3,3,3,333,9.0,Silver
29505405,7,15,149.5,2,2,4,224,8.0,Bronze
72870667,0,44,209.3,1,3,4,134,8.0,Bronze
63113300,1,18,179.4,1,2,4,124,7.0,Bronze
76124548,14,19,59.8,3,2,3,323,8.0,Bronze
56873626,3,26,209.3,2,2,4,224,8.0,Bronze
93716942,2,20,59.8,2,2,3,223,7.0,Bronze
45448457,0,70,23.9,1,4,1,141,6.0,Green
35928665,183,28,29.9,4,3,2,432,9.0,Silver
22435228,3,49,23.9,2,3,1,231,6.0,Green
86968542,22,25,59.8,3,2,3,323,8.0,Bronze
3554473,2,23,29.9,2,2,2,222,6.0,Green
89638749,3,76,29.9,2,4,2,242,8.0,Bronze
35071120,15,71,59.8,3,4,3,343,10.0,Gold
29603132,3,53,59.8,2,4,3,243,9.0,Silver
44426264,15,4,23.9,3,1,1,311,5.0,Green
8280018,198,3,29.9,4,1,2,412,7.0,Bronze
84622814,67,30,29.9,4,3,2,432,9.0,Silver
87314186,10,13,23.9,3,1,1,311,5.0,Green
93248393,0,27,29.9,1,2,2,122,5.0,Green
5138176,10,15,29.9,3,2,2,322,7.0,Bronze
48717555,1,35,29.9,1,3,2,132,6.0,Green
36641968,6,3,119.6,2,1,3,213,6.0,Green
68723546,21,24,89.7,3,2,3,323,8.0,Bronze
31318574,3,132,209.3,2,4,4,244,10.0,Gold
93317295,7,66,209.3,2,4,4,244,10.0,Gold
21158517,21,39,89.7,3,3,3,333,9.0,Silver
43463647,51,26,23.9,4,2,1,421,7.0,Bronze
74306682,9,17,29.9,3,2,2,322,7.0,Bronze
62511389,154,12,59.8,4,1,3,413,8.0,Bronze
81192537,8,198,89.7,3,4,3,343,10.0,Gold
93771386,192,2,209.3,4,1,4,414,9.0,Silver
38293732,16,22,209.3,3,2,4,324,9.0,Silver
14919917,6,22,29.9,2,2,2,222,6.0,Green
344828,182,21,29.9,4,2,2,422,8.0,Bronze
23293852,1,70,209.3,1,4,4,144,9.0,Silver
68675391,6,6,29.9,2,1,2,212,5.0,Green
28622639,14,6,29.9,3,1,2,312,6.0,Green
24704480,2,31,23.9,2,3,1,231,6.0,Green
12444491,4,33,89.7,2,3,3,233,8.0,Bronze
20797499,6,16,59.8,2,2,3,223,7.0,Bronze
67017015,185,14,119.6,4,2,3,423,9.0,Silver
23465064,4,170,209.3,2,4,4,244,10.0,Gold
14620035,2,22,29.9,2,2,2,222,6.0,Green
80771997,182,23,209.3,4,2,4,424,10.0,Gold
80940475,0,180,119.6,1,4,3,143,8.0,Bronze
69222729,36,18,59.8,4,2,3,423,9.0,Silver
21568449,0,98,23.9,1,4,1,141,6.0,Green
87122685,5,25,209.3,2,2,4,224,8.0,Bronze
50348981,0,44,209.3,1,3,4,134,8.0,Bronze
67828835,60,28,29.9,4,3,2,432,9.0,Silver
9280050,59,11,119.6,4,1,3,413,8.0,Bronze
56629396,3,17,29.9,2,2,2,222,6.0,Green
9665800,5,85,209.3,2,4,4,244,10.0,Gold
47872897,104,23,29.9,4,2,2,422,8.0,Bronze
64961548,0,50,59.8,1,3,3,133,7.0,Bronze
75532865,10,12,119.6,3,1,3,313,7.0,Bronze
67433167,55,6,29.9,4,1,2,412,7.0,Bronze
6578688,1,22,89.7,1,2,3,123,6.0,Green
7279004,1,143,209.3,1,4,4,144,9.0,Silver
73691893,4,13,29.9,2,1,2,212,5.0,Green
59292716,80,30,149.5,4,3,4,434,11.0,Gold
41517872,0,173,209.3,1,4,4,144,9.0,Silver
45972924,15,30,149.5,3,3,4,334,10.0,Gold
54692492,0,32,209.3,1,3,4,134,8.0,Bronze
83775176,2,19,59.8,2,2,3,223,7.0,Bronze
11308733,6,18,59.8,2,2,3,223,7.0,Bronze
79329115,4,13,29.9,2,1,2,212,5.0,Green
73731206,126,17,209.3,4,2,4,424,10.0,Gold
74055430,91,8,119.6,4,1,3,413,8.0,Bronze
23204429,15,7,149.5,3,1,4,314,8.0,Bronze
3847545,2,85,209.3,2,4,4,244,10.0,Gold
54926377,17,13,29.9,3,1,2,312,6.0,Green
42975782,2,8,29.9,2,1,2,212,5.0,Green
90693202,0,135,209.3,1,4,4,144,9.0,Silver
58493920,16,45,119.6,3,3,3,333,9.0,Silver
24272144,8,38,209.3,3,3,4,334,10.0,Gold
99892099,4,16,59.8,2,2,3,223,7.0,Bronze
65884732,1,22,29.9,1,2,2,122,5.0,Green
70848728,6,115,29.9,2,4,2,242,8.0,Bronze
